0,5,1.8066794,['Target'],475266,,,MeanRT participant 1,,,,,,,,,,,,,,,,,,,,,,,,,,,,,,,,
1,5,2.1644698,['Target'],475266,,,MeanRT participant 2,,,,5 distractors,10 distractors,total data set,,,,,,,,,,,,,,,,trials.thisRepN,num_distr,mouse.time,mouse.clicked_name,participant,,2,10,1.4460495,['Target'],475266
2,10,1.4460495,['Target'],475266,,,MeanRT participant 3,,,A,1.931331251,1.921391777,1.922033606,,,,5 distractors,1.54,,,,,,,,,,,0,5,1.8066794,['Target'],475266,,5,10,1.6709632,['Target'],475266
3,5,1.4133482,['Target'],475266,,,MeanRT participant 4,,,B,1.714779666,1.718195072,1.714779666,,,,10 distractors,1.80,,,,,,,,,,,1,5,2.1644698,['Target'],475266,,9,10,1.4289302,['Target'],475266
4,5,1.7136473,['Target'],475266,,1.638885529,MeanRT across all participants,,,C,1.653330983,1.650732122,1.265852304,,,,,,,,,,,,,,,,3,5,1.4133482,['Target'],475266,,11,10,3.0846375,['Target'],475266
5,10,1.6709632,['Target'],475266,,,,,,D,1.265852304,1.267324319,1.650732122,,,,,,,,,,,,,,,,4,5,1.7136473,['Target'],475266,,12,10,2.3916056,['Target'],475266
6,5,1.6300701,['Target'],475266,,,,,,,,,,,trials.thisRepN,num_distr,mouse.time,mouse.clicked_name,participant,,,,,,,,,,6,5,1.6300701,['Target'],475266,,17,10,2.2535125,['Target'],475266
7,5,1.5659875,['Target'],475266,,,,,,,,,,,0,5,1.8066794,['Target'],475266,,,,,,,,,,7,5,1.5659875,['Target'],475266,,20,10,2.5041919,['Target'],475266
8,5,1.5103203,['Target'],475266,,,,,,,,,,,1,5,2.1644698,['Target'],475266,,,,,,,,,,8,5,1.5103203,['Target'],475266,,21,10,2.718237,['Target'],475266
9,10,1.4289302,['Target'],475266,,,,,,,,,,,2,10,1.4460495,['Target'],475266,,,,,,,,,,10,5,1.7930591,['Target'],475266,,22,10,3.1380626,['Target'],475266
10,5,1.7930591,['Target'],475266,,,,,,,,,,,3,5,1.4133482,['Target'],475266,,,,,,,,,,13,5,1.4980627,['Target'],475266,,26,10,1.6524527,['Target'],475266
11,10,3.0846375,['Target'],475266,,,,,,,,,,,4,5,1.7136473,['Target'],475266,,,,,,,,,,14,5,2.1665608,['Target'],475266,,27,10,1.5228549,['Target'],475266
12,10,2.3916056,['Target'],475266,,,,,,,,,,,5,10,1.6709632,['Target'],475266,,,,,,,,,,15,5,2.8798574,['Target'],475266,,30,10,1.9540364,['Target'],475266
13,5,1.4980627,['Target'],475266,,,,,,,,,,,6,5,1.6300701,['Target'],475266,,,,,,,,,,16,5,1.9852111,['Target'],475266,,31,10,2.0906294,['Target'],475266
14,5,2.1665608,['Target'],475266,,,,,,,,,,,7,5,1.5659875,['Target'],475266,,,,,,,,,,18,5,1.4398589,['Target'],475266,,32,10,3.473031,['Target'],475266
15,5,2.8798574,['Target'],475266,,,,,,,,,,,8,5,1.5103203,['Target'],475266,,,,,,,,,,19,5,1.5267954,['Target'],475266,,33,10,2.0760937,['Target'],475266
16,5,1.9852111,['Target'],475266,,,,,,,,,,,9,10,1.4289302,['Target'],475266,,,,,,,,,,23,5,2.465675,['Target'],475266,,34,10,1.9724163,['Target'],475266
17,10,2.2535125,['Target'],475266,,,,,,,,,,,10,5,1.7930591,['Target'],475266,,,,,,,,,,24,5,1.837032,['Target'],475266,,35,10,1.6510577,['Target'],475266
18,5,1.4398589,['Target'],475266,,,,,,,,,,,11,10,3.0846375,['Target'],475266,,,,,,,,,,25,5,1.9482847,['Target'],475266,,37,10,2.0121545,['Target'],475266
19,5,1.5267954,['Target'],475266,,,,,,,,,,,12,10,2.3916056,['Target'],475266,,,,,,,,,,28,5,2.5317903,['Target'],475266,,38,10,4.1942254,['Target'],475266
20,10,2.5041919,['Target'],475266,,,,,,,,,,,13,5,1.4980627,['Target'],475266,,,,,,,,,,29,5,1.415054,['Target'],475266,,39,10,3.4051257,['Target'],475266
21,10,2.718237,['Target'],475266,,,,,,,,,,,14,5,2.1665608,['Target'],475266,,,,,,,,,,36,5,2.0657714,['Target'],475266,,42,10,2.1713545,['Target'],475266
22,10,3.1380626,['Target'],475266,,,,,,,,,,,15,5,2.8798574,['Target'],475266,,,,,,,,,,40,5,2.6654416,['Target'],475266,,43,10,2.7105891,['Target'],475266
23,5,2.465675,['Target'],475266,,,,,,,,,,,16,5,1.9852111,['Target'],475266,,,,,,,,,,41,5,3.1327534,['Target'],475266,,44,10,1.9221963,['Target'],475266
24,5,1.837032,['Target'],475266,,,,,,,,,,,17,10,2.2535125,['Target'],475266,,,,,,,,,,47,5,1.9601115,['Target'],475266,,45,10,1.706548,['Target'],475266
25,5,1.9482847,['Target'],475266,,,,,,,,,,,18,5,1.4398589,['Target'],475266,,,,,,,,,,48,5,1.6132992,['Target'],475266,,46,10,1.551792,['Target'],475266
26,10,1.6524527,['Target'],475266,,,,,,,,,,,19,5,1.5267954,['Target'],475266,,,,,,,,,,50,5,1.6381254,['Target'],475266,,49,10,2.2046509,['Target'],475266
27,10,1.5228549,['Target'],475266,,,,,,,,,,,20,10,2.5041919,['Target'],475266,,,,,,,,,,53,5,1.5827526,['Target'],475266,,51,10,1.573573,['Target'],475266
28,5,2.5317903,['Target'],475266,,,,,,,,,,,21,10,2.718237,['Target'],475266,,,,,,,,,,54,5,1.4205737,['Target'],475266,,52,10,2.3244789,['Target'],475266
29,5,1.415054,['Target'],475266,,,,,,,,,,,22,10,3.1380626,['Target'],475266,,,,,,,,,,55,5,1.7211283,['Target'],475266,,58,10,1.3532964,['Target'],475266
30,10,1.9540364,['Target'],475266,,,,,,,,,,,23,5,2.465675,['Target'],475266,,,,,,,,,,56,5,1.6487751,['Target'],475266,,59,10,1.0395967,['Target'],475266
31,10,2.0906294,['Target'],475266,,,,,,,,,,,24,5,1.837032,['Target'],475266,,,,,,,,,,57,5,2.8276151,['Target'],475266,,62,10,1.8763916,['Target'],475266
32,10,3.473031,['Target'],475266,,,,,,,,,,,25,5,1.9482847,['Target'],475266,,,,,,,,,,60,5,1.3511159,['Target'],475266,,63,10,2.4153722,['Target'],475266
33,10,2.0760937,['Target'],475266,,,,,,,,,,,26,10,1.6524527,['Target'],475266,,,,,,,,,,61,5,1.4319481,['Target'],475266,,66,10,3.306972,['Target'],475266
34,10,1.9724163,['Target'],475266,,,,,,,,,,,27,10,1.5228549,['Target'],475266,,,,,,,,,,64,5,1.6744153,['Target'],475266,,67,10,1.9418972,['Target'],475266
35,10,1.6510577,['Target'],475266,,,,,,,,,,,28,5,2.5317903,['Target'],475266,,,,,,,,,,65,5,2.2065094,['Target'],475266,,69,10,1.2054721,['Target'],475266
36,5,2.0657714,['Target'],475266,,,,,,,,,,,29,5,1.415054,['Target'],475266,,,,,,,,,,68,5,1.798123,['Target'],475266,,70,10,2.1392508,['Target'],475266
37,10,2.0121545,['Target'],475266,,,,,,,,,,,30,10,1.9540364,['Target'],475266,,,,,,,,,,74,5,1.923282,['Target'],475266,,71,10,1.4605878,['Target'],475266
38,10,4.1942254,['Target'],475266,,,,,,,,,,,31,10,2.0906294,['Target'],475266,,,,,,,,,,76,5,1.8364608,['Target'],475266,,72,10,2.0073265,['Target'],475266
39,10,3.4051257,['Target'],475266,,,,,,,,,,,32,10,3.473031,['Target'],475266,,,,,,,,,,79,5,2.1817953,['Target'],475266,,73,10,1.7881623,['Target'],475266
40,5,2.6654416,['Target'],475266,,,,,,,,,,,33,10,2.0760937,['Target'],475266,,,,,,,,,,82,5,1.9782833,['Target'],475266,,75,10,2.0496691,['Target'],475266
41,5,3.1327534,['Target'],475266,,,,,,,,,,,34,10,1.9724163,['Target'],475266,,,,,,,,,,83,5,2.2194583,['Target'],475266,,77,10,1.2403866,['Target'],475266
42,10,2.1713545,['Target'],475266,,,,,,,,,,,35,10,1.6510577,['Target'],475266,,,,,,,,,,85,5,1.6875384,['Target'],475266,,78,10,1.6715741,['Target'],475266
43,10,2.7105891,['Target'],475266,,,,,,,,,,,36,5,2.0657714,['Target'],475266,,,,,,,,,,87,5,2.6332916,['Target'],475266,,80,10,1.4271277,['Target'],475266
44,10,1.9221963,['Target'],475266,,,,,,,,,,,37,10,2.0121545,['Target'],475266,,,,,,,,,,88,5,1.3682601,['Target'],475266,,81,10,1.3766681,['Target'],475266
45,10,1.706548,['Target'],475266,,,,,,,,,,,38,10,4.1942254,['Target'],475266,,,,,,,,,,90,5,1.701173,['Target'],475266,,84,10,1.7702888,['Target'],475266
46,10,1.551792,['Target'],475266,,,,,,,,,,,39,10,3.4051257,['Target'],475266,,,,,,,,,,91,5,1.8116021,['Target'],475266,,86,10,1.6880499,['Target'],475266
47,5,1.9601115,['Target'],475266,,,,,,,,,,,40,5,2.6654416,['Target'],475266,,,,,,,,,,92,5,1.4724896,['Target'],475266,,89,10,1.4326576,['Target'],475266
48,5,1.6132992,['Target'],475266,,,,,,,,,,,41,5,3.1327534,['Target'],475266,,,,,,,,,,94,5,1.667313,['Target'],475266,,93,10,1.4517949,['Target'],475266
49,10,2.2046509,['Target'],475266,,,,,,,,,,,42,10,2.1713545,['Target'],475266,,,,,,,,,,96,5,1.3419365,['Target'],475266,,95,10,1.5703312,['Target'],475266
50,5,1.6381254,['Target'],475266,,,,,,,,,,,43,10,2.7105891,['Target'],475266,,,,,,,,,,97,5,2.2808901,['Target'],475266,,101,10,4.1647732,['Target'],475266
51,10,1.573573,['Target'],475266,,,,,,,,,,,44,10,1.9221963,['Target'],475266,,,,,,,,,,98,5,1.6945162,['Target'],475266,,102,10,1.8603829,['Target'],475266
52,10,2.3244789,['Target'],475266,,,,,,,,,,,45,10,1.706548,['Target'],475266,,,,,,,,,,99,5,1.3838565,['Target'],475266,,103,10,1.6744739,['Target'],475266
53,5,1.5827526,['Target'],475266,,,,,,,,,,,46,10,1.551792,['Target'],475266,,,,,,,,,,100,5,1.3980833,['Target'],475266,,104,10,2.3268281,['Target'],475266
54,5,1.4205737,['Target'],475266,,,,,,,,,,,47,5,1.9601115,['Target'],475266,,,,,,,,,,107,5,1.6484354,['Target'],475266,,105,10,2.3897361,['Target'],475266
55,5,1.7211283,['Target'],475266,,,,,,,,,,,48,5,1.6132992,['Target'],475266,,,,,,,,,,109,5,1.2366401,['Target'],475266,,106,10,1.573868,['Target'],475266
56,5,1.6487751,['Target'],475266,,,,,,,,,,,49,10,2.2046509,['Target'],475266,,,,,,,,,,112,5,2.0315325,['Target'],475266,,108,10,1.8087694,['Target'],475266
57,5,2.8276151,['Target'],475266,,,,,,,,,,,50,5,1.6381254,['Target'],475266,,,,,,,,,,113,5,1.4841894,['Target'],475266,,110,10,2.5714048,['Target'],475266
58,10,1.3532964,['Target'],475266,,,,,,,,,,,51,10,1.573573,['Target'],475266,,,,,,,,,,114,5,1.9003151,['Target'],475266,,111,10,2.9111072,['Target'],475266
59,10,1.0395967,['Target'],475266,,,,,,,,,,,52,10,2.3244789,['Target'],475266,,,,,,,,,,115,5,2.1542094,['Target'],475266,,116,10,1.5797427,['Target'],475266
60,5,1.3511159,['Target'],475266,,,,,,,,,,,53,5,1.5827526,['Target'],475266,,,,,,,,,,120,5,1.6991075,['Target'],475266,,117,10,2.0268696,['Target'],475266
61,5,1.4319481,['Target'],475266,,,,,,,,,,,54,5,1.4205737,['Target'],475266,,,,,,,,,,121,5,1.634462,['Target'],475266,,118,10,1.5238641,['Target'],475266
62,10,1.8763916,['Target'],475266,,,,,,,,,,,55,5,1.7211283,['Target'],475266,,,,,,,,,,123,5,1.9412058,['Target'],475266,,119,10,3.0770307,['Target'],475266
63,10,2.4153722,['Target'],475266,,,,,,,,,,,56,5,1.6487751,['Target'],475266,,,,,,,,,,125,5,1.7481883,['Target'],475266,,122,10,1.3941631,['Target'],475266
64,5,1.6744153,['Target'],475266,,,,,,,,,,,57,5,2.8276151,['Target'],475266,,,,,,,,,,128,5,1.5504787,['Target'],475266,,124,10,2.3052711,['Target'],475266
65,5,2.2065094,['Target'],475266,,,,,,,,,,,58,10,1.3532964,['Target'],475266,,,,,,,,,,130,5,2.0726837,['Target'],475266,,126,10,2.2073137,['Target'],475266
66,10,3.306972,['Target'],475266,,,,,,,,,,,59,10,1.0395967,['Target'],475266,,,,,,,,,,134,5,1.8331847,['Target'],475266,,127,10,1.9386006,['Target'],475266
67,10,1.9418972,['Target'],475266,,,,,,,,,,,60,5,1.3511159,['Target'],475266,,,,,,,,,,136,5,1.54232,['Target'],475266,,129,10,1.6245173,['Target'],475266
68,5,1.798123,['Target'],475266,,,,,,,,,,,61,5,1.4319481,['Target'],475266,,,,,,,,,,138,5,1.6469282,['Target'],475266,,131,10,1.9887537,['Target'],475266
69,10,1.2054721,['Target'],475266,,,,,,,,,,,62,10,1.8763916,['Target'],475266,,,,,,,,,,139,5,1.5184417,['Target'],475266,,132,10,1.2756873,['Target'],475266
70,10,2.1392508,['Target'],475266,,,,,,,,,,,63,10,2.4153722,['Target'],475266,,,,,,,,,,140,5,1.8993422,['Target'],475266,,133,10,2.2721302,['Target'],475266
71,10,1.4605878,['Target'],475266,,,,,,,,,,,64,5,1.6744153,['Target'],475266,,,,,,,,,,141,5,2.1617693,['Target'],475266,,135,10,1.9149665,['Target'],475266
72,10,2.0073265,['Target'],475266,,,,,,,,,,,65,5,2.2065094,['Target'],475266,,,,,,,,,,144,5,1.2975814,['Target'],475266,,137,10,2.0694818,['Target'],475266
73,10,1.7881623,['Target'],475266,,,,,,,,,,,66,10,3.306972,['Target'],475266,,,,,,,,,,147,5,1.5243211,['Target'],475266,,142,10,1.4996718,['Target'],475266
74,5,1.923282,['Target'],475266,,,,,,,,,,,67,10,1.9418972,['Target'],475266,,,,,,,,,,148,5,1.367544,['Target'],475266,,143,10,2.4599393,['Target'],475266
75,10,2.0496691,['Target'],475266,,,,,,,,,,,68,5,1.798123,['Target'],475266,,,,,,,,,,149,5,2.0155466,['Target'],475266,,145,10,1.3828225,['Target'],475266
76,5,1.8364608,['Target'],475266,,,,,,,,,,,69,10,1.2054721,['Target'],475266,,,,,,,,,,150,5,1.3166126,['Target'],475266,,146,10,1.7636993,['Target'],475266
77,10,1.2403866,['Target'],475266,,,,,,,,,,,70,10,2.1392508,['Target'],475266,,,,,,,,,,151,5,2.1515193,['Target'],475266,,152,10,2.4255002,['Target'],475266
78,10,1.6715741,['Target'],475266,,,,,,,,,,,71,10,1.4605878,['Target'],475266,,,,,,,,,,153,5,1.988111,['Target'],475266,,157,10,1.5078579,['Target'],475266
79,5,2.1817953,['Target'],475266,,,,,,,,,,,72,10,2.0073265,['Target'],475266,,,,,,,,,,154,5,2.0474761,['Target'],475266,,161,10,1.4219197,['Target'],475266
80,10,1.4271277,['Target'],475266,,,,,,,,,,,73,10,1.7881623,['Target'],475266,,,,,,,,,,155,5,2.5286212,['Target'],475266,,163,10,2.7572785,['Target'],475266
81,10,1.3766681,['Target'],475266,,,,,,,,,,,74,5,1.923282,['Target'],475266,,,,,,,,,,156,5,2.1839501,['Target'],475266,,166,10,2.0689208,['Target'],475266
82,5,1.9782833,['Target'],475266,,,,,,,,,,,75,10,2.0496691,['Target'],475266,,,,,,,,,,158,5,1.4411738,['Target'],475266,,168,10,2.8040883,['Target'],475266
83,5,2.2194583,['Target'],475266,,,,,,,,,,,76,5,1.8364608,['Target'],475266,,,,,,,,,,159,5,2.3640373,['Target'],475266,,169,10,1.802417,['Target'],475266
84,10,1.7702888,['Target'],475266,,,,,,,,,,,77,10,1.2403866,['Target'],475266,,,,,,,,,,160,5,2.5519841,['Target'],475266,,172,10,1.6093987,['Target'],475266
85,5,1.6875384,['Target'],475266,,,,,,,,,,,78,10,1.6715741,['Target'],475266,,,,,,,,,,162,5,1.9818504,['Target'],475266,,173,10,1.5992027,['Target'],475266
86,10,1.6880499,['Target'],475266,,,,,,,,,,,79,5,2.1817953,['Target'],475266,,,,,,,,,,164,5,1.1833748,['Target'],475266,,176,10,1.8740022,['Target'],475266
87,5,2.6332916,['Target'],475266,,,,,,,,,,,80,10,1.4271277,['Target'],475266,,,,,,,,,,165,5,2.1283754,['Target'],475266,,177,10,1.6898997,['Target'],475266
88,5,1.3682601,['Target'],475266,,,,,,,,,,,81,10,1.3766681,['Target'],475266,,,,,,,,,,167,5,1.4806823,['Target'],475266,,179,10,1.8395309,['Target'],475266
89,10,1.4326576,['Target'],475266,,,,,,,,,,,82,5,1.9782833,['Target'],475266,,,,,,,,,,170,5,1.2810048,['Target'],475266,,180,10,2.1274407,['Target'],475266
90,5,1.701173,['Target'],475266,,,,,,,,,,,83,5,2.2194583,['Target'],475266,,,,,,,,,,171,5,1.4151013,['Target'],475266,,182,10,1.5763399,['Target'],475266
91,5,1.8116021,['Target'],475266,,,,,,,,,,,84,10,1.7702888,['Target'],475266,,,,,,,,,,174,5,2.3168444,['Target'],475266,,183,10,1.2280902,['Target'],475266
92,5,1.4724896,['Target'],475266,,,,,,,,,,,85,5,1.6875384,['Target'],475266,,,,,,,,,,175,5,1.3483072,['Target'],475266,,184,10,3.226535,['Target'],475266
93,10,1.4517949,['Target'],475266,,,,,,,,,,,86,10,1.6880499,['Target'],475266,,,,,,,,,,178,5,1.5658273,['Target'],475266,,185,10,2.2109852,['Target'],475266
94,5,1.667313,['Target'],475266,,,,,,,,,,,87,5,2.6332916,['Target'],475266,,,,,,,,,,181,5,1.6983726,['Target'],475266,,186,10,2.0851514,['Target'],475266
95,10,1.5703312,['Target'],475266,,,,,,,,,,,88,5,1.3682601,['Target'],475266,,,,,,,,,,188,5,1.9811579,['Target'],475266,,187,10,1.6850971,['Target'],475266
96,5,1.3419365,['Target'],475266,,,,,,,,,,,89,10,1.4326576,['Target'],475266,,,,,,,,,,192,5,1.7376126,['Target'],475266,,189,10,2.661263,['Target'],475266
97,5,2.2808901,['Target'],475266,,,,,,,,,,,90,5,1.701173,['Target'],475266,,,,,,,,,,193,5,2.0184771,['Target'],475266,,190,10,1.9211696,['Target'],475266
98,5,1.6945162,['Target'],475266,,,,,,,,,,,91,5,1.8116021,['Target'],475266,,,,,,,,,,0,5,1.0575941,['Target'],682694,,191,10,2.7226272,['Target'],475266
99,5,1.3838565,['Target'],475266,,,,,,,,,,,92,5,1.4724896,['Target'],475266,,,,,,,,,,2,5,1.8823117,['Target'],682694,,194,10,1.8035596,['Target'],475266
100,5,1.3980833,['Target'],475266,,,,,,,,,,,93,10,1.4517949,['Target'],475266,,,,,,,,,,3,5,1.4313933,['Target'],682694,,195,10,1.578976,['Target'],475266
101,10,4.1647732,['Target'],475266,,,,,,,,,,,94,5,1.667313,['Target'],475266,,,,,,,,,,4,5,1.2983714,['Target'],682694,,196,10,1.4578645,['Target'],475266
102,10,1.8603829,['Target'],475266,,,,,,,,,,,95,10,1.5703312,['Target'],475266,,,,,,,,,,5,5,1.3140057,['Target'],682694,,197,10,1.372192,['Target'],475266
103,10,1.6744739,['Target'],475266,,,,,,,,,,,96,5,1.3419365,['Target'],475266,,,,,,,,,,6,5,1.3137849,['Target'],682694,,198,10,2.0722776,['Target'],475266
104,10,2.3268281,['Target'],475266,,,,,,,,,,,97,5,2.2808901,['Target'],475266,,,,,,,,,,10,5,1.2015934,['Target'],682694,,199,10,1.4435888,['Target'],475266
105,10,2.3897361,['Target'],475266,,,,,,,,,,,98,5,1.6945162,['Target'],475266,,,,,,,,,,11,5,1.7394895,['Target'],682694,,1,10,2.0428141,['Target'],682694
106,10,1.573868,['Target'],475266,,,,,,,,,,,99,5,1.3838565,['Target'],475266,,,,,,,,,,12,5,1.5074219,['Target'],682694,,7,10,1.5009049,['Target'],682694
107,5,1.6484354,['Target'],475266,,,,,,,,,,,100,5,1.3980833,['Target'],475266,,,,,,,,,,14,5,1.5179311,['Target'],682694,,8,10,2.5620338,['Target'],682694
108,10,1.8087694,['Target'],475266,,,,,,,,,,,101,10,4.1647732,['Target'],475266,,,,,,,,,,17,5,1.3317285,['Target'],682694,,9,10,1.9159761,['Target'],682694
109,5,1.2366401,['Target'],475266,,,,,,,,,,,102,10,1.8603829,['Target'],475266,,,,,,,,,,19,5,1.4671985,['Target'],682694,,13,10,2.8360102,['Target'],682694
110,10,2.5714048,['Target'],475266,,,,,,,,,,,103,10,1.6744739,['Target'],475266,,,,,,,,,,23,5,1.1933645,['Target'],682694,,15,10,4.1363487,['Target'],682694
111,10,2.9111072,['Target'],475266,,,,,,,,,,,104,10,2.3268281,['Target'],475266,,,,,,,,,,24,5,1.5836954,['Target'],682694,,16,10,1.7181216,['Target'],682694
112,5,2.0315325,['Target'],475266,,,,,,,,,,,105,10,2.3897361,['Target'],475266,,,,,,,,,,25,5,1.7339024,['Target'],682694,,18,10,1.7617855,['Target'],682694
113,5,1.4841894,['Target'],475266,,,,,,,,,,,106,10,1.573868,['Target'],475266,,,,,,,,,,26,5,1.2796945,['Target'],682694,,20,10,1.8543629,['Target'],682694
114,5,1.9003151,['Target'],475266,,,,,,,,,,,107,5,1.6484354,['Target'],475266,,,,,,,,,,29,5,1.1911381,['Target'],682694,,21,10,1.34666,['Target'],682694
115,5,2.1542094,['Target'],475266,,,,,,,,,,,108,10,1.8087694,['Target'],475266,,,,,,,,,,33,5,1.4457452,['Target'],682694,,22,10,2.0963285,['Target'],682694
116,10,1.5797427,['Target'],475266,,,,,,,,,,,109,5,1.2366401,['Target'],475266,,,,,,,,,,35,5,1.3337659,['Target'],682694,,27,10,1.5424561,['Target'],682694
117,10,2.0268696,['Target'],475266,,,,,,,,,,,110,10,2.5714048,['Target'],475266,,,,,,,,,,36,5,1.4124538,['Target'],682694,,28,10,1.0981718,['Target'],682694
118,10,1.5238641,['Target'],475266,,,,,,,,,,,111,10,2.9111072,['Target'],475266,,,,,,,,,,41,5,1.2504143,['Target'],682694,,30,10,1.9958623,['Target'],682694
119,10,3.0770307,['Target'],475266,,,,,,,,,,,112,5,2.0315325,['Target'],475266,,,,,,,,,,44,5,2.1324432,['Target'],682694,,31,10,1.5600036,['Target'],682694
120,5,1.6991075,['Target'],475266,,,,,,,,,,,113,5,1.4841894,['Target'],475266,,,,,,,,,,45,5,1.2362911,['Target'],682694,,32,10,1.5463864,['Target'],682694
121,5,1.634462,['Target'],475266,,,,,,,,,,,114,5,1.9003151,['Target'],475266,,,,,,,,,,50,5,1.3914422,['Target'],682694,,34,10,1.8528131,['Target'],682694
122,10,1.3941631,['Target'],475266,,,,,,,,,,,115,5,2.1542094,['Target'],475266,,,,,,,,,,52,5,1.0432406,['Target'],682694,,37,10,1.3270539,['Target'],682694
123,5,1.9412058,['Target'],475266,,,,,,,,,,,116,10,1.5797427,['Target'],475266,,,,,,,,,,55,5,1.7500478,['Target'],682694,,38,10,1.4627592,['Target'],682694
124,10,2.3052711,['Target'],475266,,,,,,,,,,,117,10,2.0268696,['Target'],475266,,,,,,,,,,58,5,1.4403294,['Target'],682694,,39,10,1.1668759,['Target'],682694
125,5,1.7481883,['Target'],475266,,,,,,,,,,,118,10,1.5238641,['Target'],475266,,,,,,,,,,59,5,2.0937261,['Target'],682694,,40,10,1.1305846,['Target'],682694
126,10,2.2073137,['Target'],475266,,,,,,,,,,,119,10,3.0770307,['Target'],475266,,,,,,,,,,61,5,1.8158755,['Target'],682694,,42,10,1.1916505,['Target'],682694
127,10,1.9386006,['Target'],475266,,,,,,,,,,,120,5,1.6991075,['Target'],475266,,,,,,,,,,62,5,0.8787381,['Target'],682694,,43,10,2.7562178,['Target'],682694
128,5,1.5504787,['Target'],475266,,,,,,,,,,,121,5,1.634462,['Target'],475266,,,,,,,,,,63,5,1.7030266,['Target'],682694,,46,10,1.2699557,['Target'],682694
129,10,1.6245173,['Target'],475266,,,,,,,,,,,122,10,1.3941631,['Target'],475266,,,,,,,,,,68,5,1.0662176,['Target'],682694,,47,10,1.0306896,['Target'],682694
130,5,2.0726837,['Target'],475266,,,,,,,,,,,123,5,1.9412058,['Target'],475266,,,,,,,,,,69,5,1.5782405,['Target'],682694,,48,10,1.1308444,['Target'],682694
131,10,1.9887537,['Target'],475266,,,,,,,,,,,124,10,2.3052711,['Target'],475266,,,,,,,,,,70,5,1.3695163,['Target'],682694,,49,10,2.6932045,['Target'],682694
132,10,1.2756873,['Target'],475266,,,,,,,,,,,125,5,1.7481883,['Target'],475266,,,,,,,,,,72,5,1.0492387,['Target'],682694,,51,10,1.7499726,['Target'],682694
133,10,2.2721302,['Target'],475266,,,,,,,,,,,126,10,2.2073137,['Target'],475266,,,,,,,,,,74,5,1.75126,['Target'],682694,,53,10,1.4545511,['Target'],682694
134,5,1.8331847,['Target'],475266,,,,,,,,,,,127,10,1.9386006,['Target'],475266,,,,,,,,,,75,5,1.3867023,['Target'],682694,,54,10,2.3318836,['Target'],682694
135,10,1.9149665,['Target'],475266,,,,,,,,,,,128,5,1.5504787,['Target'],475266,,,,,,,,,,78,5,1.2170239,['Target'],682694,,56,10,1.836862,['Target'],682694
136,5,1.54232,['Target'],475266,,,,,,,,,,,129,10,1.6245173,['Target'],475266,,,,,,,,,,79,5,1.2573274,['Target'],682694,,57,10,1.475954,['Target'],682694
137,10,2.0694818,['Target'],475266,,,,,,,,,,,130,5,2.0726837,['Target'],475266,,,,,,,,,,87,5,1.2685198,['Target'],682694,,60,10,1.921498,['Target'],682694
138,5,1.6469282,['Target'],475266,,,,,,,,,,,131,10,1.9887537,['Target'],475266,,,,,,,,,,88,5,3.1297877,['Target'],682694,,64,10,1.6592471,['Target'],682694
139,5,1.5184417,['Target'],475266,,,,,,,,,,,132,10,1.2756873,['Target'],475266,,,,,,,,,,89,5,2.005982,['Target'],682694,,65,10,1.0398322,['Target'],682694
140,5,1.8993422,['Target'],475266,,,,,,,,,,,133,10,2.2721302,['Target'],475266,,,,,,,,,,90,5,1.7325491,['Target'],682694,,66,10,1.2599027,['Target'],682694
141,5,2.1617693,['Target'],475266,,,,,,,,,,,134,5,1.8331847,['Target'],475266,,,,,,,,,,92,5,1.7156147,['Target'],682694,,67,10,1.8852027,['Target'],682694
142,10,1.4996718,['Target'],475266,,,,,,,,,,,135,10,1.9149665,['Target'],475266,,,,,,,,,,93,5,1.0471239,['Target'],682694,,71,10,1.7937894,['Target'],682694
143,10,2.4599393,['Target'],475266,,,,,,,,,,,136,5,1.54232,['Target'],475266,,,,,,,,,,98,5,1.7667678,['Target'],682694,,73,10,1.6107021,['Target'],682694
144,5,1.2975814,['Target'],475266,,,,,,,,,,,137,10,2.0694818,['Target'],475266,,,,,,,,,,99,5,1.314501,['Target'],682694,,76,10,2.1385309,['Target'],682694
145,10,1.3828225,['Target'],475266,,,,,,,,,,,138,5,1.6469282,['Target'],475266,,,,,,,,,,103,5,1.35065,['Target'],682694,,77,10,1.2280013,['Target'],682694
146,10,1.7636993,['Target'],475266,,,,,,,,,,,139,5,1.5184417,['Target'],475266,,,,,,,,,,104,5,1.2302497,['Target'],682694,,80,10,1.1594012,['Target'],682694
147,5,1.5243211,['Target'],475266,,,,,,,,,,,140,5,1.8993422,['Target'],475266,,,,,,,,,,105,5,1.0485903,['Target'],682694,,81,10,1.3944475,['Target'],682694
148,5,1.367544,['Target'],475266,,,,,,,,,,,141,5,2.1617693,['Target'],475266,,,,,,,,,,107,5,2.6493184,['Target'],682694,,82,10,1.6174415,['Target'],682694
149,5,2.0155466,['Target'],475266,,,,,,,,,,,142,10,1.4996718,['Target'],475266,,,,,,,,,,108,5,1.5317622,['Target'],682694,,83,10,1.4636741,['Target'],682694
150,5,1.3166126,['Target'],475266,,,,,,,,,,,143,10,2.4599393,['Target'],475266,,,,,,,,,,110,5,2.3343894,['Target'],682694,,84,10,1.3939032,['Target'],682694
151,5,2.1515193,['Target'],475266,,,,,,,,,,,144,5,1.2975814,['Target'],475266,,,,,,,,,,112,5,1.5170404,['Target'],682694,,85,10,1.2903378,['Target'],682694
152,10,2.4255002,['Target'],475266,,,,,,,,,,,145,10,1.3828225,['Target'],475266,,,,,,,,,,118,5,1.6006406,['Target'],682694,,86,10,2.163437,['Target'],682694
153,5,1.988111,['Target'],475266,,,,,,,,,,,146,10,1.7636993,['Target'],475266,,,,,,,,,,124,5,2.0328676,['Target'],682694,,91,10,1.1613546,['Target'],682694
154,5,2.0474761,['Target'],475266,,,,,,,,,,,147,5,1.5243211,['Target'],475266,,,,,,,,,,125,5,2.0475138,['Target'],682694,,94,10,1.8216515,['Target'],682694
155,5,2.5286212,['Target'],475266,,,,,,,,,,,148,5,1.367544,['Target'],475266,,,,,,,,,,126,5,1.1640357,['Target'],682694,,95,10,2.4418694,['Target'],682694
156,5,2.1839501,['Target'],475266,,,,,,,,,,,149,5,2.0155466,['Target'],475266,,,,,,,,,,127,5,1.4973071,['Target'],682694,,96,10,2.3803006,['Target'],682694
157,10,1.5078579,['Target'],475266,,,,,,,,,,,150,5,1.3166126,['Target'],475266,,,,,,,,,,128,5,1.3810592,['Target'],682694,,97,10,1.2541874,['Target'],682694
158,5,1.4411738,['Target'],475266,,,,,,,,,,,151,5,2.1515193,['Target'],475266,,,,,,,,,,132,5,1.3317095,['Target'],682694,,100,10,1.5923595,['Target'],682694
159,5,2.3640373,['Target'],475266,,,,,,,,,,,152,10,2.4255002,['Target'],475266,,,,,,,,,,133,5,1.7923486,['Target'],682694,,101,10,2.4268621,['Target'],682694
160,5,2.5519841,['Target'],475266,,,,,,,,,,,153,5,1.988111,['Target'],475266,,,,,,,,,,135,5,1.7981951,['Target'],682694,,102,10,1.3730833,['Target'],682694
161,10,1.4219197,['Target'],475266,,,,,,,,,,,154,5,2.0474761,['Target'],475266,,,,,,,,,,137,5,2.1169622,['Target'],682694,,106,10,1.7733878,['Target'],682694
162,5,1.9818504,['Target'],475266,,,,,,,,,,,155,5,2.5286212,['Target'],475266,,,,,,,,,,142,5,1.2990833,['Target'],682694,,109,10,1.8752873,['Target'],682694
163,10,2.7572785,['Target'],475266,,,,,,,,,,,156,5,2.1839501,['Target'],475266,,,,,,,,,,147,5,1.3345512,['Target'],682694,,111,10,1.3536788,['Target'],682694
164,5,1.1833748,['Target'],475266,,,,,,,,,,,157,10,1.5078579,['Target'],475266,,,,,,,,,,148,5,1.9130628,['Target'],682694,,113,10,1.452005,['Target'],682694
165,5,2.1283754,['Target'],475266,,,,,,,,,,,158,5,1.4411738,['Target'],475266,,,,,,,,,,152,5,1.5181511,['Target'],682694,,114,10,2.589284,['Target'],682694
166,10,2.0689208,['Target'],475266,,,,,,,,,,,159,5,2.3640373,['Target'],475266,,,,,,,,,,154,5,1.8135608,['Target'],682694,,115,10,1.7096786,['Target'],682694
167,5,1.4806823,['Target'],475266,,,,,,,,,,,160,5,2.5519841,['Target'],475266,,,,,,,,,,157,5,1.4497615,['Target'],682694,,116,10,2.2874949,['Target'],682694
168,10,2.8040883,['Target'],475266,,,,,,,,,,,161,10,1.4219197,['Target'],475266,,,,,,,,,,159,5,1.9339823,['Target'],682694,,117,10,1.4316804,['Target'],682694
169,10,1.802417,['Target'],475266,,,,,,,,,,,162,5,1.9818504,['Target'],475266,,,,,,,,,,161,5,1.350921,['Target'],682694,,119,10,1.8245824,['Target'],682694
170,5,1.2810048,['Target'],475266,,,,,,,,,,,163,10,2.7572785,['Target'],475266,,,,,,,,,,167,5,1.9799628,['Target'],682694,,120,10,1.0940343,['Target'],682694
171,5,1.4151013,['Target'],475266,,,,,,,,,,,164,5,1.1833748,['Target'],475266,,,,,,,,,,168,5,1.8696012,['Target'],682694,,121,10,2.7232778,['Target'],682694
172,10,1.6093987,['Target'],475266,,,,,,,,,,,165,5,2.1283754,['Target'],475266,,,,,,,,,,170,5,1.4354508,['Target'],682694,,122,10,2.2103609,['Target'],682694
173,10,1.5992027,['Target'],475266,,,,,,,,,,,166,10,2.0689208,['Target'],475266,,,,,,,,,,172,5,1.700086,['Target'],682694,,123,10,1.5613785,['Target'],682694
174,5,2.3168444,['Target'],475266,,,,,,,,,,,167,5,1.4806823,['Target'],475266,,,,,,,,,,175,5,1.6658324,['Target'],682694,,129,10,1.8398398,['Target'],682694
175,5,1.3483072,['Target'],475266,,,,,,,,,,,168,10,2.8040883,['Target'],475266,,,,,,,,,,177,5,1.3850366,['Target'],682694,,130,10,1.9899457,['Target'],682694
176,10,1.8740022,['Target'],475266,,,,,,,,,,,169,10,1.802417,['Target'],475266,,,,,,,,,,178,5,2.2993467,['Target'],682694,,131,10,1.4552148,['Target'],682694
177,10,1.6898997,['Target'],475266,,,,,,,,,,,170,5,1.2810048,['Target'],475266,,,,,,,,,,183,5,1.4685112,['Target'],682694,,134,10,1.3899405,['Target'],682694
178,5,1.5658273,['Target'],475266,,,,,,,,,,,171,5,1.4151013,['Target'],475266,,,,,,,,,,184,5,1.8453441,['Target'],682694,,136,10,1.4078925,['Target'],682694
179,10,1.8395309,['Target'],475266,,,,,,,,,,,172,10,1.6093987,['Target'],475266,,,,,,,,,,185,5,1.5054162,['Target'],682694,,138,10,2.0818635,['Target'],682694
180,10,2.1274407,['Target'],475266,,,,,,,,,,,173,10,1.5992027,['Target'],475266,,,,,,,,,,186,5,1.1503623,['Target'],682694,,139,10,3.6077427,['Target'],682694
181,5,1.6983726,['Target'],475266,,,,,,,,,,,174,5,2.3168444,['Target'],475266,,,,,,,,,,190,5,1.5825797,['Target'],682694,,141,10,1.8595201,['Target'],682694
182,10,1.5763399,['Target'],475266,,,,,,,,,,,175,5,1.3483072,['Target'],475266,,,,,,,,,,191,5,1.5283437,['Target'],682694,,143,10,1.7758595,['Target'],682694
183,10,1.2280902,['Target'],475266,,,,,,,,,,,176,10,1.8740022,['Target'],475266,,,,,,,,,,194,5,1.1372962,['Target'],682694,,144,10,2.110323,['Target'],682694
184,10,3.226535,['Target'],475266,,,,,,,,,,,177,10,1.6898997,['Target'],475266,,,,,,,,,,195,5,2.2109688,['Target'],682694,,145,10,1.410121,['Target'],682694
185,10,2.2109852,['Target'],475266,,,,,,,,,,,178,5,1.5658273,['Target'],475266,,,,,,,,,,198,5,1.3671153,['Target'],682694,,146,10,1.6386422,['Target'],682694
186,10,2.0851514,['Target'],475266,,,,,,,,,,,179,10,1.8395309,['Target'],475266,,,,,,,,,,199,5,2.0467946,['Target'],682694,,149,10,1.3586238,['Target'],682694
187,10,1.6850971,['Target'],475266,,,,,,,,,,,180,10,2.1274407,['Target'],475266,,,,,,,,,,0,5,1.1864032,target,40216,,150,10,1.4734968,['Target'],682694
188,5,1.9811579,['Target'],475266,,,,,,,,,,,181,5,1.6983726,['Target'],475266,,,,,,,,,,3,5,1.8067683,target,40216,,151,10,2.0349694,['Target'],682694
189,10,2.661263,['Target'],475266,,,,,,,,,,,182,10,1.5763399,['Target'],475266,,,,,,,,,,5,5,1.0539465,target,40216,,153,10,2.596407,['Target'],682694
190,10,1.9211696,['Target'],475266,,,,,,,,,,,183,10,1.2280902,['Target'],475266,,,,,,,,,,6,5,1.1545862,target,40216,,155,10,1.6102884,['Target'],682694
191,10,2.7226272,['Target'],475266,,,,,,,,,,,184,10,3.226535,['Target'],475266,,,,,,,,,,13,5,1.1198933,target,40216,,156,10,1.5395334,['Target'],682694
192,5,1.7376126,['Target'],475266,,,,,,,,,,,185,10,2.2109852,['Target'],475266,,,,,,,,,,16,5,1.088469,target,40216,,158,10,2.1420647,['Target'],682694
193,5,2.0184771,['Target'],475266,,,,,,,,,,,186,10,2.0851514,['Target'],475266,,,,,,,,,,18,5,1.2022644,target,40216,,160,10,1.4944522,['Target'],682694
194,10,1.8035596,['Target'],475266,,,,,,,,,,,187,10,1.6850971,['Target'],475266,,,,,,,,,,19,5,1.0507935,target,40216,,162,10,2.0210626,['Target'],682694
195,10,1.578976,['Target'],475266,,,,,,,,,,,188,5,1.9811579,['Target'],475266,,,,,,,,,,20,5,1.167891,target,40216,,163,10,1.5220204,['Target'],682694
196,10,1.4578645,['Target'],475266,,,,,,,,,,,189,10,2.661263,['Target'],475266,,,,,,,,,,21,5,1.1713439,target,40216,,164,10,1.9618925,['Target'],682694
197,10,1.372192,['Target'],475266,,,,,,,,,,,190,10,1.9211696,['Target'],475266,,,,,,,,,,22,5,1.3022278,target,40216,,165,10,1.9902569,['Target'],682694
198,10,2.0722776,['Target'],475266,,,,,,,,,,,191,10,2.7226272,['Target'],475266,,,,,,,,,,24,5,1.2530982,target,40216,,166,10,1.7849471,['Target'],682694
199,10,1.4435888,['Target'],475266,,,,,,,,,,,192,5,1.7376126,['Target'],475266,,,,,,,,,,27,5,1.0535407,target,40216,,169,10,5.4925168,['Target'],682694
0,5,1.0575941,['Target'],682694,,,,,,,,,,,193,5,2.0184771,['Target'],475266,,,,,,,,,,33,5,1.0383346,target,40216,,171,10,2.2437732,['Target'],682694
1,10,2.0428141,['Target'],682694,,,,,,,,,,,194,10,1.8035596,['Target'],475266,,,,,,,,,,36,5,1.0893636,target,40216,,173,10,3.6263303,['Target'],682694
2,5,1.8823117,['Target'],682694,,,,,,,,,,,195,10,1.578976,['Target'],475266,,,,,,,,,,37,5,1.468179,target,40216,,174,10,1.5589925,['Target'],682694
3,5,1.4313933,['Target'],682694,,,,,,,,,,,196,10,1.4578645,['Target'],475266,,,,,,,,,,39,5,1.2700574,target,40216,,176,10,1.9940452,['Target'],682694
4,5,1.2983714,['Target'],682694,,,,,,,,,,,197,10,1.372192,['Target'],475266,,,,,,,,,,40,5,0.8879208,target,40216,,179,10,1.7449755,['Target'],682694
5,5,1.3140057,['Target'],682694,,,,,,,,,,,198,10,2.0722776,['Target'],475266,,,,,,,,,,42,5,0.981437,target,40216,,180,10,2.0939048,['Target'],682694
6,5,1.3137849,['Target'],682694,,,,,,,,,,,199,10,1.4435888,['Target'],475266,,,,,,,,,,43,5,0.7877965,target,40216,,181,10,1.5606777,['Target'],682694
7,10,1.5009049,['Target'],682694,,,,,,,,,,,0,5,1.0575941,['Target'],682694,,,,,,,,,,46,5,1.0718002,target,40216,,182,10,1.766721,['Target'],682694
8,10,2.5620338,['Target'],682694,,,,,,,,,,,1,10,2.0428141,['Target'],682694,,,,,,,,,,51,5,1.1863068,target,40216,,187,10,1.5100445,['Target'],682694
9,10,1.9159761,['Target'],682694,,,,,,,,,,,2,5,1.8823117,['Target'],682694,,,,,,,,,,54,5,1.2230134,target,40216,,188,10,1.9921005,['Target'],682694
10,5,1.2015934,['Target'],682694,,,,,,,,,,,3,5,1.4313933,['Target'],682694,,,,,,,,,,57,5,1.2889308,target,40216,,189,10,2.9875972,['Target'],682694
11,5,1.7394895,['Target'],682694,,,,,,,,,,,4,5,1.2983714,['Target'],682694,,,,,,,,,,61,5,1.222066,target,40216,,192,10,0.9268223,['Target'],682694
12,5,1.5074219,['Target'],682694,,,,,,,,,,,5,5,1.3140057,['Target'],682694,,,,,,,,,,62,5,1.0723106,target,40216,,193,10,1.406314,['Target'],682694
13,10,2.8360102,['Target'],682694,,,,,,,,,,,6,5,1.3137849,['Target'],682694,,,,,,,,,,64,5,1.1350727,target,40216,,196,10,2.54275,['Target'],682694
14,5,1.5179311,['Target'],682694,,,,,,,,,,,7,10,1.5009049,['Target'],682694,,,,,,,,,,68,5,0.9716381,target,40216,,197,10,2.1270073,['Target'],682694
15,10,4.1363487,['Target'],682694,,,,,,,,,,,8,10,2.5620338,['Target'],682694,,,,,,,,,,71,5,1.1891235,target,40216,,4,10,1.0595066,target,40216
16,10,1.7181216,['Target'],682694,,,,,,,,,,,9,10,1.9159761,['Target'],682694,,,,,,,,,,72,5,1.2893193,target,40216,,7,10,1.4575485,target,40216
17,5,1.3317285,['Target'],682694,,,,,,,,,,,10,5,1.2015934,['Target'],682694,,,,,,,,,,73,5,1.255599,target,40216,,8,10,1.7266326,target,40216
18,10,1.7617855,['Target'],682694,,,,,,,,,,,11,5,1.7394895,['Target'],682694,,,,,,,,,,75,5,1.087392,target,40216,,9,10,1.059843,target,40216
19,5,1.4671985,['Target'],682694,,,,,,,,,,,12,5,1.5074219,['Target'],682694,,,,,,,,,,78,5,1.4875435,target,40216,,10,10,1.0783801,target,40216
20,10,1.8543629,['Target'],682694,,,,,,,,,,,13,10,2.8360102,['Target'],682694,,,,,,,,,,80,5,1.0886447,target,40216,,12,10,1.8934964,target,40216
21,10,1.34666,['Target'],682694,,,,,,,,,,,14,5,1.5179311,['Target'],682694,,,,,,,,,,81,5,1.1206764,target,40216,,15,10,1.2414999,target,40216
22,10,2.0963285,['Target'],682694,,,,,,,,,,,15,10,4.1363487,['Target'],682694,,,,,,,,,,85,5,1.0342498,target,40216,,17,10,1.3258388,target,40216
23,5,1.1933645,['Target'],682694,,,,,,,,,,,16,10,1.7181216,['Target'],682694,,,,,,,,,,91,5,1.7731801,target,40216,,23,10,1.1719553,target,40216
24,5,1.5836954,['Target'],682694,,,,,,,,,,,17,5,1.3317285,['Target'],682694,,,,,,,,,,92,5,1.407221,target,40216,,25,10,1.4408653,target,40216
25,5,1.7339024,['Target'],682694,,,,,,,,,,,18,10,1.7617855,['Target'],682694,,,,,,,,,,95,5,2.0689422,target,40216,,26,10,1.5945326,target,40216
26,5,1.2796945,['Target'],682694,,,,,,,,,,,19,5,1.4671985,['Target'],682694,,,,,,,,,,99,5,1.5899332,target,40216,,28,10,1.8937893,target,40216
27,10,1.5424561,['Target'],682694,,,,,,,,,,,20,10,1.8543629,['Target'],682694,,,,,,,,,,100,5,1.1906232,target,40216,,29,10,0.859442,target,40216
28,10,1.0981718,['Target'],682694,,,,,,,,,,,21,10,1.34666,['Target'],682694,,,,,,,,,,101,5,1.2532014,target,40216,,30,10,0.8266466,target,40216
29,5,1.1911381,['Target'],682694,,,,,,,,,,,22,10,2.0963285,['Target'],682694,,,,,,,,,,102,5,1.1222932,target,40216,,34,10,1.6133887,target,40216
30,10,1.9958623,['Target'],682694,,,,,,,,,,,23,5,1.1933645,['Target'],682694,,,,,,,,,,104,5,0.955926,target,40216,,35,10,2.2110463,target,40216
31,10,1.5600036,['Target'],682694,,,,,,,,,,,24,5,1.5836954,['Target'],682694,,,,,,,,,,106,5,1.7165591,target,40216,,38,10,1.011004,target,40216
32,10,1.5463864,['Target'],682694,,,,,,,,,,,25,5,1.7339024,['Target'],682694,,,,,,,,,,107,5,1.0027153,target,40216,,41,10,1.5112492,target,40216
33,5,1.4457452,['Target'],682694,,,,,,,,,,,26,5,1.2796945,['Target'],682694,,,,,,,,,,108,5,0.9036355,target,40216,,45,10,1.279263,target,40216
34,10,1.8528131,['Target'],682694,,,,,,,,,,,27,10,1.5424561,['Target'],682694,,,,,,,,,,112,5,1.0390353,target,40216,,47,10,1.2587431,target,40216
35,5,1.3337659,['Target'],682694,,,,,,,,,,,28,10,1.0981718,['Target'],682694,,,,,,,,,,113,5,1.1009677,target,40216,,48,10,1.3457132,target,40216
36,5,1.4124538,['Target'],682694,,,,,,,,,,,29,5,1.1911381,['Target'],682694,,,,,,,,,,115,5,0.9715446,target,40216,,49,10,1.0955492,target,40216
37,10,1.3270539,['Target'],682694,,,,,,,,,,,30,10,1.9958623,['Target'],682694,,,,,,,,,,118,5,0.9898609,target,40216,,50,10,1.0622223,target,40216
38,10,1.4627592,['Target'],682694,,,,,,,,,,,31,10,1.5600036,['Target'],682694,,,,,,,,,,123,5,1.0995864,target,40216,,52,10,1.2099954,target,40216
39,10,1.1668759,['Target'],682694,,,,,,,,,,,32,10,1.5463864,['Target'],682694,,,,,,,,,,124,5,1.1544195,target,40216,,53,10,1.3439648,target,40216
40,10,1.1305846,['Target'],682694,,,,,,,,,,,33,5,1.4457452,['Target'],682694,,,,,,,,,,125,5,2.2564162,target,40216,,55,10,1.0756269,target,40216
41,5,1.2504143,['Target'],682694,,,,,,,,,,,34,10,1.8528131,['Target'],682694,,,,,,,,,,128,5,1.18939,target,40216,,58,10,1.7907799,target,40216
42,10,1.1916505,['Target'],682694,,,,,,,,,,,35,5,1.3337659,['Target'],682694,,,,,,,,,,129,5,1.0015617,target,40216,,59,10,1.6780956,target,40216
43,10,2.7562178,['Target'],682694,,,,,,,,,,,36,5,1.4124538,['Target'],682694,,,,,,,,,,132,5,1.4041283,target,40216,,63,10,1.3436282,target,40216
44,5,2.1324432,['Target'],682694,,,,,,,,,,,37,10,1.3270539,['Target'],682694,,,,,,,,,,133,5,1.1212327,target,40216,,65,10,1.0443218,target,40216
45,5,1.2362911,['Target'],682694,,,,,,,,,,,38,10,1.4627592,['Target'],682694,,,,,,,,,,138,5,1.6577067,target,40216,,66,10,1.2606541,target,40216
46,10,1.2699557,['Target'],682694,,,,,,,,,,,39,10,1.1668759,['Target'],682694,,,,,,,,,,139,5,1.7217693,target,40216,,69,10,1.2250307,target,40216
47,10,1.0306896,['Target'],682694,,,,,,,,,,,40,10,1.1305846,['Target'],682694,,,,,,,,,,143,5,1.016021,target,40216,,77,10,1.8099792,target,40216
48,10,1.1308444,['Target'],682694,,,,,,,,,,,41,5,1.2504143,['Target'],682694,,,,,,,,,,147,5,1.1348516,target,40216,,79,10,1.3969452,target,40216
49,10,2.6932045,['Target'],682694,,,,,,,,,,,42,10,1.1916505,['Target'],682694,,,,,,,,,,152,5,1.4144309,target,40216,,83,10,2.2444872,target,40216
50,5,1.3914422,['Target'],682694,,,,,,,,,,,43,10,2.7562178,['Target'],682694,,,,,,,,,,156,5,0.9680016,target,40216,,87,10,3.1935521,target,40216
51,10,1.7499726,['Target'],682694,,,,,,,,,,,44,5,2.1324432,['Target'],682694,,,,,,,,,,157,5,1.2042886,target,40216,,90,10,1.3104783,target,40216
52,5,1.0432406,['Target'],682694,,,,,,,,,,,45,5,1.2362911,['Target'],682694,,,,,,,,,,160,5,1.0901615,target,40216,,93,10,1.0578704,target,40216
53,10,1.4545511,['Target'],682694,,,,,,,,,,,46,10,1.2699557,['Target'],682694,,,,,,,,,,163,5,1.0225848,target,40216,,96,10,1.0116915,target,40216
54,10,2.3318836,['Target'],682694,,,,,,,,,,,47,10,1.0306896,['Target'],682694,,,,,,,,,,165,5,1.1708714,target,40216,,97,10,2.7274459,target,40216
55,5,1.7500478,['Target'],682694,,,,,,,,,,,48,10,1.1308444,['Target'],682694,,,,,,,,,,172,5,1.0224828,target,40216,,98,10,0.9919074,target,40216
56,10,1.836862,['Target'],682694,,,,,,,,,,,49,10,2.6932045,['Target'],682694,,,,,,,,,,177,5,1.0225311,target,40216,,103,10,0.9285822,target,40216
57,10,1.475954,['Target'],682694,,,,,,,,,,,50,5,1.3914422,['Target'],682694,,,,,,,,,,178,5,0.9548746,target,40216,,109,10,1.3287564,target,40216
58,5,1.4403294,['Target'],682694,,,,,,,,,,,51,10,1.7499726,['Target'],682694,,,,,,,,,,179,5,0.8716277,target,40216,,114,10,1.0179719,target,40216
59,5,2.0937261,['Target'],682694,,,,,,,,,,,52,5,1.0432406,['Target'],682694,,,,,,,,,,180,5,1.0186736,target,40216,,116,10,1.8955543,target,40216
60,10,1.921498,['Target'],682694,,,,,,,,,,,53,10,1.4545511,['Target'],682694,,,,,,,,,,182,5,1.0048414,target,40216,,117,10,1.1098945,target,40216
61,5,1.8158755,['Target'],682694,,,,,,,,,,,54,10,2.3318836,['Target'],682694,,,,,,,,,,189,5,1.1721662,target,40216,,119,10,2.6084102,target,40216
62,5,0.8787381,['Target'],682694,,,,,,,,,,,55,5,1.7500478,['Target'],682694,,,,,,,,,,194,5,1.0536923,target,40216,,120,10,1.2926964,target,40216
63,5,1.7030266,['Target'],682694,,,,,,,,,,,56,10,1.836862,['Target'],682694,,,,,,,,,,195,5,1.0723024,target,40216,,127,10,3.2148254,target,40216
64,10,1.6592471,['Target'],682694,,,,,,,,,,,57,10,1.475954,['Target'],682694,,,,,,,,,,199,5,1.0538425,target,40216,,131,10,1.3399249,target,40216
65,10,1.0398322,['Target'],682694,,,,,,,,,,,58,5,1.4403294,['Target'],682694,,,,,,,,,,2,5,1.607346,target,299816,,137,10,1.0584199,target,40216
66,10,1.2599027,['Target'],682694,,,,,,,,,,,59,5,2.0937261,['Target'],682694,,,,,,,,,,4,5,1.0613948,target,299816,,141,10,1.244138,target,40216
67,10,1.8852027,['Target'],682694,,,,,,,,,,,60,10,1.921498,['Target'],682694,,,,,,,,,,6,5,1.3991873,target,299816,,145,10,1.2777887,target,40216
68,5,1.0662176,['Target'],682694,,,,,,,,,,,61,5,1.8158755,['Target'],682694,,,,,,,,,,10,5,1.3422517,target,299816,,150,10,1.4906968,target,40216
69,5,1.5782405,['Target'],682694,,,,,,,,,,,62,5,0.8787381,['Target'],682694,,,,,,,,,,12,5,1.6295494,target,299816,,151,10,0.9591498,target,40216
70,5,1.3695163,['Target'],682694,,,,,,,,,,,63,5,1.7030266,['Target'],682694,,,,,,,,,,14,5,1.4494409,target,299816,,153,10,2.0604432,target,40216
71,10,1.7937894,['Target'],682694,,,,,,,,,,,64,10,1.6592471,['Target'],682694,,,,,,,,,,15,5,1.6498047,target,299816,,154,10,1.1580744,target,40216
72,5,1.0492387,['Target'],682694,,,,,,,,,,,65,10,1.0398322,['Target'],682694,,,,,,,,,,19,5,1.3769144,target,299816,,158,10,1.228079,target,40216
73,10,1.6107021,['Target'],682694,,,,,,,,,,,66,10,1.2599027,['Target'],682694,,,,,,,,,,22,5,1.4068214,target,299816,,159,10,0.9924156,target,40216
74,5,1.75126,['Target'],682694,,,,,,,,,,,67,10,1.8852027,['Target'],682694,,,,,,,,,,24,5,1.6247592,target,299816,,162,10,1.4388119,target,40216
75,5,1.3867023,['Target'],682694,,,,,,,,,,,68,5,1.0662176,['Target'],682694,,,,,,,,,,25,5,1.2537548,target,299816,,164,10,1.012221,target,40216
76,10,2.1385309,['Target'],682694,,,,,,,,,,,69,5,1.5782405,['Target'],682694,,,,,,,,,,28,5,1.7633031,target,299816,,170,10,0.9252276,target,40216
77,10,1.2280013,['Target'],682694,,,,,,,,,,,70,5,1.3695163,['Target'],682694,,,,,,,,,,29,5,1.355611,target,299816,,171,10,1.1960657,target,40216
78,5,1.2170239,['Target'],682694,,,,,,,,,,,71,10,1.7937894,['Target'],682694,,,,,,,,,,30,5,1.6668462,target,299816,,173,10,0.8722511,target,40216
79,5,1.2573274,['Target'],682694,,,,,,,,,,,72,5,1.0492387,['Target'],682694,,,,,,,,,,32,5,1.5032464,target,299816,,174,10,1.0618245,target,40216
80,10,1.1594012,['Target'],682694,,,,,,,,,,,73,10,1.6107021,['Target'],682694,,,,,,,,,,33,5,1.2498216,target,299816,,176,10,1.2591317,target,40216
81,10,1.3944475,['Target'],682694,,,,,,,,,,,74,5,1.75126,['Target'],682694,,,,,,,,,,38,5,2.2295365,target,299816,,181,10,1.1744939,target,40216
82,10,1.6174415,['Target'],682694,,,,,,,,,,,75,5,1.3867023,['Target'],682694,,,,,,,,,,41,5,2.6883519,target,299816,,184,10,1.5116271,target,40216
83,10,1.4636741,['Target'],682694,,,,,,,,,,,76,10,2.1385309,['Target'],682694,,,,,,,,,,42,5,1.6086594,target,299816,,185,10,2.2448285,target,40216
84,10,1.3939032,['Target'],682694,,,,,,,,,,,77,10,1.2280013,['Target'],682694,,,,,,,,,,44,5,2.1444887,target,299816,,186,10,1.3616836,target,40216
85,10,1.2903378,['Target'],682694,,,,,,,,,,,78,5,1.2170239,['Target'],682694,,,,,,,,,,45,5,1.6819983,target,299816,,193,10,2.0632422,target,40216
86,10,2.163437,['Target'],682694,,,,,,,,,,,79,5,1.2573274,['Target'],682694,,,,,,,,,,47,5,1.2012791,target,299816,,1,10,1.5882835,target,299816
87,5,1.2685198,['Target'],682694,,,,,,,,,,,80,10,1.1594012,['Target'],682694,,,,,,,,,,48,5,1.4339911,target,299816,,3,10,1.0854932,target,299816
88,5,3.1297877,['Target'],682694,,,,,,,,,,,81,10,1.3944475,['Target'],682694,,,,,,,,,,53,5,2.0576741,target,299816,,5,10,1.8185055,target,299816
89,5,2.005982,['Target'],682694,,,,,,,,,,,82,10,1.6174415,['Target'],682694,,,,,,,,,,54,5,1.522962,target,299816,,8,10,1.903774,target,299816
90,5,1.7325491,['Target'],682694,,,,,,,,,,,83,10,1.4636741,['Target'],682694,,,,,,,,,,55,5,2.2160745,target,299816,,9,10,1.6819705,target,299816
91,10,1.1613546,['Target'],682694,,,,,,,,,,,84,10,1.3939032,['Target'],682694,,,,,,,,,,57,5,1.6621362,target,299816,,11,10,3.0750494,target,299816
92,5,1.7156147,['Target'],682694,,,,,,,,,,,85,10,1.2903378,['Target'],682694,,,,,,,,,,59,5,1.3763602,target,299816,,13,10,1.5119967,target,299816
93,5,1.0471239,['Target'],682694,,,,,,,,,,,86,10,2.163437,['Target'],682694,,,,,,,,,,60,5,1.830303,target,299816,,16,10,1.3627205,target,299816
94,10,1.8216515,['Target'],682694,,,,,,,,,,,87,5,1.2685198,['Target'],682694,,,,,,,,,,61,5,1.6428007,target,299816,,17,10,2.6260504,target,299816
95,10,2.4418694,['Target'],682694,,,,,,,,,,,88,5,3.1297877,['Target'],682694,,,,,,,,,,63,5,1.2788042,target,299816,,18,10,1.9028704,target,299816
96,10,2.3803006,['Target'],682694,,,,,,,,,,,89,5,2.005982,['Target'],682694,,,,,,,,,,66,5,1.5203264,target,299816,,21,10,1.2331063,target,299816
97,10,1.2541874,['Target'],682694,,,,,,,,,,,90,5,1.7325491,['Target'],682694,,,,,,,,,,67,5,1.6849512,target,299816,,23,10,1.8598865,target,299816
98,5,1.7667678,['Target'],682694,,,,,,,,,,,91,10,1.1613546,['Target'],682694,,,,,,,,,,70,5,1.677226,target,299816,,26,10,1.2608345,target,299816
99,5,1.314501,['Target'],682694,,,,,,,,,,,92,5,1.7156147,['Target'],682694,,,,,,,,,,71,5,1.2152943,target,299816,,27,10,1.3145775,target,299816
100,10,1.5923595,['Target'],682694,,,,,,,,,,,93,5,1.0471239,['Target'],682694,,,,,,,,,,72,5,1.535332,target,299816,,31,10,1.6582486,target,299816
101,10,2.4268621,['Target'],682694,,,,,,,,,,,94,10,1.8216515,['Target'],682694,,,,,,,,,,75,5,1.6495427,target,299816,,34,10,1.3824666,target,299816
102,10,1.3730833,['Target'],682694,,,,,,,,,,,95,10,2.4418694,['Target'],682694,,,,,,,,,,77,5,1.5993882,target,299816,,35,10,2.9353618,target,299816
103,5,1.35065,['Target'],682694,,,,,,,,,,,96,10,2.3803006,['Target'],682694,,,,,,,,,,82,5,2.765521,target,299816,,36,10,1.9201887,target,299816
104,5,1.2302497,['Target'],682694,,,,,,,,,,,97,10,1.2541874,['Target'],682694,,,,,,,,,,83,5,1.603573,target,299816,,37,10,1.4462027,target,299816
105,5,1.0485903,['Target'],682694,,,,,,,,,,,98,5,1.7667678,['Target'],682694,,,,,,,,,,84,5,2.2316388,target,299816,,39,10,1.5277259,target,299816
106,10,1.7733878,['Target'],682694,,,,,,,,,,,99,5,1.314501,['Target'],682694,,,,,,,,,,86,5,1.2421101,target,299816,,40,10,2.3272599,target,299816
107,5,2.6493184,['Target'],682694,,,,,,,,,,,100,10,1.5923595,['Target'],682694,,,,,,,,,,87,5,1.7437255,target,299816,,43,10,1.1427795,target,299816
108,5,1.5317622,['Target'],682694,,,,,,,,,,,101,10,2.4268621,['Target'],682694,,,,,,,,,,90,5,1.5017644,target,299816,,46,10,1.2212514,target,299816
109,10,1.8752873,['Target'],682694,,,,,,,,,,,102,10,1.3730833,['Target'],682694,,,,,,,,,,93,5,1.495141,target,299816,,49,10,2.4049558,target,299816
110,5,2.3343894,['Target'],682694,,,,,,,,,,,103,5,1.35065,['Target'],682694,,,,,,,,,,94,5,1.1052088,target,299816,,50,10,2.7425679,target,299816
111,10,1.3536788,['Target'],682694,,,,,,,,,,,104,5,1.2302497,['Target'],682694,,,,,,,,,,97,5,1.295443,target,299816,,51,10,1.5318644,target,299816
112,5,1.5170404,['Target'],682694,,,,,,,,,,,105,5,1.0485903,['Target'],682694,,,,,,,,,,98,5,1.4189747,target,299816,,52,10,1.7760004,target,299816
113,10,1.452005,['Target'],682694,,,,,,,,,,,106,10,1.7733878,['Target'],682694,,,,,,,,,,102,5,1.4690788,target,299816,,56,10,2.2608318,target,299816
114,10,2.589284,['Target'],682694,,,,,,,,,,,107,5,2.6493184,['Target'],682694,,,,,,,,,,104,5,1.5025657,target,299816,,58,10,1.9738994,target,299816
115,10,1.7096786,['Target'],682694,,,,,,,,,,,108,5,1.5317622,['Target'],682694,,,,,,,,,,105,5,1.5049508,target,299816,,62,10,2.1093301,target,299816
116,10,2.2874949,['Target'],682694,,,,,,,,,,,109,10,1.8752873,['Target'],682694,,,,,,,,,,108,5,1.4612078,target,299816,,64,10,1.1407497,target,299816
117,10,1.4316804,['Target'],682694,,,,,,,,,,,110,5,2.3343894,['Target'],682694,,,,,,,,,,109,5,1.3055197,target,299816,,65,10,1.2662249,target,299816
118,5,1.6006406,['Target'],682694,,,,,,,,,,,111,10,1.3536788,['Target'],682694,,,,,,,,,,111,5,1.4511376,target,299816,,68,10,2.16548,target,299816
119,10,1.8245824,['Target'],682694,,,,,,,,,,,112,5,1.5170404,['Target'],682694,,,,,,,,,,112,5,1.1366694,target,299816,,69,10,1.8356805,target,299816
120,10,1.0940343,['Target'],682694,,,,,,,,,,,113,10,1.452005,['Target'],682694,,,,,,,,,,113,5,1.2994966,target,299816,,73,10,1.8667853,target,299816
121,10,2.7232778,['Target'],682694,,,,,,,,,,,114,10,2.589284,['Target'],682694,,,,,,,,,,114,5,1.0496775,target,299816,,74,10,2.1141757,target,299816
122,10,2.2103609,['Target'],682694,,,,,,,,,,,115,10,1.7096786,['Target'],682694,,,,,,,,,,118,5,1.9619313,target,299816,,76,10,2.0164517,target,299816
123,10,1.5613785,['Target'],682694,,,,,,,,,,,116,10,2.2874949,['Target'],682694,,,,,,,,,,121,5,2.561689,target,299816,,78,10,1.2347386,target,299816
124,5,2.0328676,['Target'],682694,,,,,,,,,,,117,10,1.4316804,['Target'],682694,,,,,,,,,,124,5,1.7037866,target,299816,,79,10,1.4262606,target,299816
125,5,2.0475138,['Target'],682694,,,,,,,,,,,118,5,1.6006406,['Target'],682694,,,,,,,,,,127,5,1.3838757,target,299816,,81,10,1.480486,target,299816
126,5,1.1640357,['Target'],682694,,,,,,,,,,,119,10,1.8245824,['Target'],682694,,,,,,,,,,130,5,1.104843,target,299816,,88,10,2.7141013,target,299816
127,5,1.4973071,['Target'],682694,,,,,,,,,,,120,10,1.0940343,['Target'],682694,,,,,,,,,,131,5,1.482483,target,299816,,89,10,2.0774908,target,299816
128,5,1.3810592,['Target'],682694,,,,,,,,,,,121,10,2.7232778,['Target'],682694,,,,,,,,,,132,5,1.2706497,target,299816,,91,10,1.6441185,target,299816
129,10,1.8398398,['Target'],682694,,,,,,,,,,,122,10,2.2103609,['Target'],682694,,,,,,,,,,133,5,1.4982768,target,299816,,95,10,1.1734198,target,299816
130,10,1.9899457,['Target'],682694,,,,,,,,,,,123,10,1.5613785,['Target'],682694,,,,,,,,,,134,5,1.4083472,target,299816,,96,10,1.831387,target,299816
131,10,1.4552148,['Target'],682694,,,,,,,,,,,124,5,2.0328676,['Target'],682694,,,,,,,,,,137,5,1.5341668,target,299816,,99,10,1.296323,target,299816
132,5,1.3317095,['Target'],682694,,,,,,,,,,,125,5,2.0475138,['Target'],682694,,,,,,,,,,141,5,1.0844432,target,299816,,101,10,2.3625858,target,299816
133,5,1.7923486,['Target'],682694,,,,,,,,,,,126,5,1.1640357,['Target'],682694,,,,,,,,,,143,5,1.3914223,target,299816,,103,10,1.3661297,target,299816
134,10,1.3899405,['Target'],682694,,,,,,,,,,,127,5,1.4973071,['Target'],682694,,,,,,,,,,150,5,1.8986784,target,299816,,106,10,1.7345287,target,299816
135,5,1.7981951,['Target'],682694,,,,,,,,,,,128,5,1.3810592,['Target'],682694,,,,,,,,,,151,5,1.1533765,target,299816,,107,10,1.5280624,target,299816
136,10,1.4078925,['Target'],682694,,,,,,,,,,,129,10,1.8398398,['Target'],682694,,,,,,,,,,153,5,1.3749878,target,299816,,115,10,1.1792499,target,299816
137,5,2.1169622,['Target'],682694,,,,,,,,,,,130,10,1.9899457,['Target'],682694,,,,,,,,,,154,5,1.1510259,target,299816,,116,10,1.232369,target,299816
138,10,2.0818635,['Target'],682694,,,,,,,,,,,131,10,1.4552148,['Target'],682694,,,,,,,,,,155,5,1.7420722,target,299816,,119,10,1.3143001,target,299816
139,10,3.6077427,['Target'],682694,,,,,,,,,,,132,5,1.3317095,['Target'],682694,,,,,,,,,,160,5,1.5865056,target,299816,,120,10,2.9984543,target,299816
140,10,1.7068992,[],682694,,,,,,,,,,,133,5,1.7923486,['Target'],682694,,,,,,,,,,163,5,1.3418692,target,299816,,122,10,2.0617352,target,299816
141,10,1.8595201,['Target'],682694,,,,,,,,,,,134,10,1.3899405,['Target'],682694,,,,,,,,,,165,5,1.4021473,target,299816,,123,10,1.4746819,target,299816
142,5,1.2990833,['Target'],682694,,,,,,,,,,,135,5,1.7981951,['Target'],682694,,,,,,,,,,166,5,1.820118,target,299816,,125,10,1.2886679,target,299816
143,10,1.7758595,['Target'],682694,,,,,,,,,,,136,10,1.4078925,['Target'],682694,,,,,,,,,,167,5,1.2196109,target,299816,,126,10,1.6772656,target,299816
144,10,2.110323,['Target'],682694,,,,,,,,,,,137,5,2.1169622,['Target'],682694,,,,,,,,,,168,5,1.3878837,target,299816,,129,10,2.4235146,target,299816
145,10,1.410121,['Target'],682694,,,,,,,,,,,138,10,2.0818635,['Target'],682694,,,,,,,,,,169,5,2.0977762,target,299816,,135,10,1.7438664,target,299816
146,10,1.6386422,['Target'],682694,,,,,,,,,,,139,10,3.6077427,['Target'],682694,,,,,,,,,,170,5,1.1215072,target,299816,,136,10,2.0641175,target,299816
147,5,1.3345512,['Target'],682694,,,,,,,,,,,141,10,1.8595201,['Target'],682694,,,,,,,,,,171,5,1.053769,target,299816,,138,10,1.3770062,target,299816
148,5,1.9130628,['Target'],682694,,,,,,,,,,,142,5,1.2990833,['Target'],682694,,,,,,,,,,172,5,1.0792015,target,299816,,139,10,1.2399117,target,299816
149,10,1.3586238,['Target'],682694,,,,,,,,,,,143,10,1.7758595,['Target'],682694,,,,,,,,,,173,5,1.2161104,target,299816,,140,10,2.1297961,target,299816
150,10,1.4734968,['Target'],682694,,,,,,,,,,,144,10,2.110323,['Target'],682694,,,,,,,,,,178,5,1.0401089,target,299816,,142,10,2.532171,target,299816
151,10,2.0349694,['Target'],682694,,,,,,,,,,,145,10,1.410121,['Target'],682694,,,,,,,,,,181,5,1.5525615,target,299816,,144,10,3.6065364,target,299816
152,5,1.5181511,['Target'],682694,,,,,,,,,,,146,10,1.6386422,['Target'],682694,,,,,,,,,,187,5,1.1325165,target,299816,,145,10,1.4102901,target,299816
153,10,2.596407,['Target'],682694,,,,,,,,,,,147,5,1.3345512,['Target'],682694,,,,,,,,,,188,5,1.5993767,target,299816,,146,10,1.6241361,target,299816
154,5,1.8135608,['Target'],682694,,,,,,,,,,,148,5,1.9130628,['Target'],682694,,,,,,,,,,190,5,1.5066211,target,299816,,147,10,1.8355503,target,299816
155,10,1.6102884,['Target'],682694,,,,,,,,,,,149,10,1.3586238,['Target'],682694,,,,,,,,,,192,5,1.1624493,target,299816,,148,10,1.8224551,target,299816
156,10,1.5395334,['Target'],682694,,,,,,,,,,,150,10,1.4734968,['Target'],682694,,,,,,,,,,195,5,1.6433847,target,299816,,149,10,1.1689344,target,299816
157,5,1.4497615,['Target'],682694,,,,,,,,,,,151,10,2.0349694,['Target'],682694,,,,,,,,,,196,5,1.0033462,target,299816,,152,10,2.0823996,target,299816
158,10,2.1420647,['Target'],682694,,,,,,,,,,,152,5,1.5181511,['Target'],682694,,,,,,,,,,198,5,2.3814031,target,299816,,156,10,1.6592448,target,299816
159,5,1.9339823,['Target'],682694,,,,,,,,,,,153,10,2.596407,['Target'],682694,,,,,,,,,,,,,,,,157,10,1.6953756,target,299816
160,10,1.4944522,['Target'],682694,,,,,,,,,,,154,5,1.8135608,['Target'],682694,,,,,,,,,,,,,,,,158,10,4.0167948,target,299816
161,5,1.350921,['Target'],682694,,,,,,,,,,,155,10,1.6102884,['Target'],682694,,,,,,,,,,,,,,,,159,10,1.2055666,target,299816
162,10,2.0210626,['Target'],682694,,,,,,,,,,,156,10,1.5395334,['Target'],682694,,,,,,,,,,,,,,,,161,10,1.1907401,target,299816
163,10,1.5220204,['Target'],682694,,,,,,,,,,,157,5,1.4497615,['Target'],682694,,,,,,,,,,,,,,,,162,10,2.1439531,target,299816
164,10,1.9618925,['Target'],682694,,,,,,,,,,,158,10,2.1420647,['Target'],682694,,,,,,,,,,,,,,,,164,10,1.7383114,target,299816
165,10,1.9902569,['Target'],682694,,,,,,,,,,,159,5,1.9339823,['Target'],682694,,,,,,,,,,,,,,,,174,10,1.039769,target,299816
166,10,1.7849471,['Target'],682694,,,,,,,,,,,160,10,1.4944522,['Target'],682694,,,,,,,,,,,,,,,,176,10,1.4269496,target,299816
167,5,1.9799628,['Target'],682694,,,,,,,,,,,161,5,1.350921,['Target'],682694,,,,,,,,,,,,,,,,179,10,1.9676019,target,299816
168,5,1.8696012,['Target'],682694,,,,,,,,,,,162,10,2.0210626,['Target'],682694,,,,,,,,,,,,,,,,180,10,1.064,target,299816
169,10,5.4925168,['Target'],682694,,,,,,,,,,,163,10,1.5220204,['Target'],682694,,,,,,,,,,,,,,,,184,10,1.1541798,target,299816
170,5,1.4354508,['Target'],682694,,,,,,,,,,,164,10,1.9618925,['Target'],682694,,,,,,,,,,,,,,,,185,10,1.788755,target,299816
171,10,2.2437732,['Target'],682694,,,,,,,,,,,165,10,1.9902569,['Target'],682694,,,,,,,,,,,,,,,,191,10,1.2014488,target,299816
172,5,1.700086,['Target'],682694,,,,,,,,,,,166,10,1.7849471,['Target'],682694,,,,,,,,,,,,,,,,193,10,1.6439381,target,299816
173,10,3.6263303,['Target'],682694,,,,,,,,,,,167,5,1.9799628,['Target'],682694,,,,,,,,,,,,,,,,194,10,1.6814443,target,299816
174,10,1.5589925,['Target'],682694,,,,,,,,,,,168,5,1.8696012,['Target'],682694,,,,,,,,,,,,,,,,197,10,4.3274908,target,299816
175,5,1.6658324,['Target'],682694,,,,,,,,,,,169,10,5.4925168,['Target'],682694,,,,,,,,,,,,,,,,199,10,1.5624423,target,299816
176,10,1.9940452,['Target'],682694,,,,,,,,,,,170,5,1.4354508,['Target'],682694,,,,,,,,,,,,,,,,,,,,
177,5,1.3850366,['Target'],682694,,,,,,,,,,,171,10,2.2437732,['Target'],682694,,,,,,,,,,,,,,,,,,,,
178,5,2.2993467,['Target'],682694,,,,,,,,,,,172,5,1.700086,['Target'],682694,,,,,,,,,,,,,,,,,,,,
179,10,1.7449755,['Target'],682694,,,,,,,,,,,173,10,3.6263303,['Target'],682694,,,,,,,,,,,,,,,,,,,,
180,10,2.0939048,['Target'],682694,,,,,,,,,,,174,10,1.5589925,['Target'],682694,,,,,,,,,,,,,,,,,,,,
181,10,1.5606777,['Target'],682694,,,,,,,,,,,175,5,1.6658324,['Target'],682694,,,,,,,,,,,,,,,,,,,,
182,10,1.766721,['Target'],682694,,,,,,,,,,,176,10,1.9940452,['Target'],682694,,,,,,,,,,,,,,,,,,,,
183,5,1.4685112,['Target'],682694,,,,,,,,,,,177,5,1.3850366,['Target'],682694,,,,,,,,,,,,,,,,,,,,
184,5,1.8453441,['Target'],682694,,,,,,,,,,,178,5,2.2993467,['Target'],682694,,,,,,,,,,,,,,,,,,,,
185,5,1.5054162,['Target'],682694,,,,,,,,,,,179,10,1.7449755,['Target'],682694,,,,,,,,,,,,,,,,,,,,
186,5,1.1503623,['Target'],682694,,,,,,,,,,,180,10,2.0939048,['Target'],682694,,,,,,,,,,,,,,,,,,,,
187,10,1.5100445,['Target'],682694,,,,,,,,,,,181,10,1.5606777,['Target'],682694,,,,,,,,,,,,,,,,,,,,
188,10,1.9921005,['Target'],682694,,,,,,,,,,,182,10,1.766721,['Target'],682694,,,,,,,,,,,,,,,,,,,,
189,10,2.9875972,['Target'],682694,,,,,,,,,,,183,5,1.4685112,['Target'],682694,,,,,,,,,,,,,,,,,,,,
190,5,1.5825797,['Target'],682694,,,,,,,,,,,184,5,1.8453441,['Target'],682694,,,,,,,,,,,,,,,,,,,,
191,5,1.5283437,['Target'],682694,,,,,,,,,,,185,5,1.5054162,['Target'],682694,,,,,,,,,,,,,,,,,,,,
192,10,0.9268223,['Target'],682694,,,,,,,,,,,186,5,1.1503623,['Target'],682694,,,,,,,,,,,,,,,,,,,,
193,10,1.406314,['Target'],682694,,,,,,,,,,,187,10,1.5100445,['Target'],682694,,,,,,,,,,,,,,,,,,,,
194,5,1.1372962,['Target'],682694,,,,,,,,,,,188,10,1.9921005,['Target'],682694,,,,,,,,,,,,,,,,,,,,
195,5,2.2109688,['Target'],682694,,,,,,,,,,,189,10,2.9875972,['Target'],682694,,,,,,,,,,,,,,,,,,,,
196,10,2.54275,['Target'],682694,,,,,,,,,,,190,5,1.5825797,['Target'],682694,,,,,,,,,,,,,,,,,,,,
197,10,2.1270073,['Target'],682694,,,,,,,,,,,191,5,1.5283437,['Target'],682694,,,,,,,,,,,,,,,,,,,,
198,5,1.3671153,['Target'],682694,,,,,,,,,,,192,10,0.9268223,['Target'],682694,,,,,,,,,,,,,,,,,,,,
199,5,2.0467946,['Target'],682694,,,,,,,,,,,193,10,1.406314,['Target'],682694,,,,,,,,,,,,,,,,,,,,
0,5,1.1864032,target,40216,,,,,,,,,,,194,5,1.1372962,['Target'],682694,,,,,,,,,,,,,,,,,,,,
1,10,1.441568,,40216,,,,,,,,,,,195,5,2.2109688,['Target'],682694,,,,,,,,,,,,,,,,,,,,
2,5,0.9336692,,40216,,,,,,,,,,,196,10,2.54275,['Target'],682694,,,,,,,,,,,,,,,,,,,,
3,5,1.8067683,target,40216,,,,,,,,,,,197,10,2.1270073,['Target'],682694,,,,,,,,,,,,,,,,,,,,
4,10,1.0595066,target,40216,,,,,,,,,,,198,5,1.3671153,['Target'],682694,,,,,,,,,,,,,,,,,,,,
5,5,1.0539465,target,40216,,,,,,,,,,,199,5,2.0467946,['Target'],682694,,,,,,,,,,,,,,,,,,,,
6,5,1.1545862,target,40216,,,,,,,,,,,0,5,1.1864032,target,40216,,,,,,,,,,,,,,,,,,,,
7,10,1.4575485,target,40216,,,,,,,,,,,3,5,1.8067683,target,40216,,,,,,,,,,,,,,,,,,,,
8,10,1.7266326,target,40216,,,,,,,,,,,4,10,1.0595066,target,40216,,,,,,,,,,,,,,,,,,,,
9,10,1.059843,target,40216,,,,,,,,,,,5,5,1.0539465,target,40216,,,,,,,,,,,,,,,,,,,,
10,10,1.0783801,target,40216,,,,,,,,,,,6,5,1.1545862,target,40216,,,,,,,,,,,,,,,,,,,,
11,10,1.0262472,,40216,,,,,,,,,,,7,10,1.4575485,target,40216,,,,,,,,,,,,,,,,,,,,
12,10,1.8934964,target,40216,,,,,,,,,,,8,10,1.7266326,target,40216,,,,,,,,,,,,,,,,,,,,
13,5,1.1198933,target,40216,,,,,,,,,,,9,10,1.059843,target,40216,,,,,,,,,,,,,,,,,,,,
14,5,1.052094,,40216,,,,,,,,,,,10,10,1.0783801,target,40216,,,,,,,,,,,,,,,,,,,,
15,10,1.2414999,target,40216,,,,,,,,,,,12,10,1.8934964,target,40216,,,,,,,,,,,,,,,,,,,,
16,5,1.088469,target,40216,,,,,,,,,,,13,5,1.1198933,target,40216,,,,,,,,,,,,,,,,,,,,
17,10,1.3258388,target,40216,,,,,,,,,,,15,10,1.2414999,target,40216,,,,,,,,,,,,,,,,,,,,
18,5,1.2022644,target,40216,,,,,,,,,,,16,5,1.088469,target,40216,,,,,,,,,,,,,,,,,,,,
19,5,1.0507935,target,40216,,,,,,,,,,,17,10,1.3258388,target,40216,,,,,,,,,,,,,,,,,,,,
20,5,1.167891,target,40216,,,,,,,,,,,18,5,1.2022644,target,40216,,,,,,,,,,,,,,,,,,,,
21,5,1.1713439,target,40216,,,,,,,,,,,19,5,1.0507935,target,40216,,,,,,,,,,,,,,,,,,,,
22,5,1.3022278,target,40216,,,,,,,,,,,20,5,1.167891,target,40216,,,,,,,,,,,,,,,,,,,,
23,10,1.1719553,target,40216,,,,,,,,,,,21,5,1.1713439,target,40216,,,,,,,,,,,,,,,,,,,,
24,5,1.2530982,target,40216,,,,,,,,,,,22,5,1.3022278,target,40216,,,,,,,,,,,,,,,,,,,,
25,10,1.4408653,target,40216,,,,,,,,,,,23,10,1.1719553,target,40216,,,,,,,,,,,,,,,,,,,,
26,10,1.5945326,target,40216,,,,,,,,,,,24,5,1.2530982,target,40216,,,,,,,,,,,,,,,,,,,,
27,5,1.0535407,target,40216,,,,,,,,,,,25,10,1.4408653,target,40216,,,,,,,,,,,,,,,,,,,,
28,10,1.8937893,target,40216,,,,,,,,,,,26,10,1.5945326,target,40216,,,,,,,,,,,,,,,,,,,,
29,10,0.859442,target,40216,,,,,,,,,,,27,5,1.0535407,target,40216,,,,,,,,,,,,,,,,,,,,
30,10,0.8266466,target,40216,,,,,,,,,,,28,10,1.8937893,target,40216,,,,,,,,,,,,,,,,,,,,
31,5,0.9385169,,40216,,,,,,,,,,,29,10,0.859442,target,40216,,,,,,,,,,,,,,,,,,,,
32,10,0.9927443,,40216,,,,,,,,,,,30,10,0.8266466,target,40216,,,,,,,,,,,,,,,,,,,,
33,5,1.0383346,target,40216,,,,,,,,,,,33,5,1.0383346,target,40216,,,,,,,,,,,,,,,,,,,,
34,10,1.6133887,target,40216,,,,,,,,,,,34,10,1.6133887,target,40216,,,,,,,,,,,,,,,,,,,,
35,10,2.2110463,target,40216,,,,,,,,,,,35,10,2.2110463,target,40216,,,,,,,,,,,,,,,,,,,,
36,5,1.0893636,target,40216,,,,,,,,,,,36,5,1.0893636,target,40216,,,,,,,,,,,,,,,,,,,,
37,5,1.468179,target,40216,,,,,,,,,,,37,5,1.468179,target,40216,,,,,,,,,,,,,,,,,,,,
38,10,1.011004,target,40216,,,,,,,,,,,38,10,1.011004,target,40216,,,,,,,,,,,,,,,,,,,,
39,5,1.2700574,target,40216,,,,,,,,,,,39,5,1.2700574,target,40216,,,,,,,,,,,,,,,,,,,,
40,5,0.8879208,target,40216,,,,,,,,,,,40,5,0.8879208,target,40216,,,,,,,,,,,,,,,,,,,,
41,10,1.5112492,target,40216,,,,,,,,,,,41,10,1.5112492,target,40216,,,,,,,,,,,,,,,,,,,,
42,5,0.981437,target,40216,,,,,,,,,,,42,5,0.981437,target,40216,,,,,,,,,,,,,,,,,,,,
43,5,0.7877965,target,40216,,,,,,,,,,,43,5,0.7877965,target,40216,,,,,,,,,,,,,,,,,,,,
44,10,1.8940088,,40216,,,,,,,,,,,45,10,1.279263,target,40216,,,,,,,,,,,,,,,,,,,,
45,10,1.279263,target,40216,,,,,,,,,,,46,5,1.0718002,target,40216,,,,,,,,,,,,,,,,,,,,
46,5,1.0718002,target,40216,,,,,,,,,,,47,10,1.2587431,target,40216,,,,,,,,,,,,,,,,,,,,
47,10,1.2587431,target,40216,,,,,,,,,,,48,10,1.3457132,target,40216,,,,,,,,,,,,,,,,,,,,
48,10,1.3457132,target,40216,,,,,,,,,,,49,10,1.0955492,target,40216,,,,,,,,,,,,,,,,,,,,
49,10,1.0955492,target,40216,,,,,,,,,,,50,10,1.0622223,target,40216,,,,,,,,,,,,,,,,,,,,
50,10,1.0622223,target,40216,,,,,,,,,,,51,5,1.1863068,target,40216,,,,,,,,,,,,,,,,,,,,
51,5,1.1863068,target,40216,,,,,,,,,,,52,10,1.2099954,target,40216,,,,,,,,,,,,,,,,,,,,
52,10,1.2099954,target,40216,,,,,,,,,,,53,10,1.3439648,target,40216,,,,,,,,,,,,,,,,,,,,
53,10,1.3439648,target,40216,,,,,,,,,,,54,5,1.2230134,target,40216,,,,,,,,,,,,,,,,,,,,
54,5,1.2230134,target,40216,,,,,,,,,,,55,10,1.0756269,target,40216,,,,,,,,,,,,,,,,,,,,
55,10,1.0756269,target,40216,,,,,,,,,,,57,5,1.2889308,target,40216,,,,,,,,,,,,,,,,,,,,
56,5,1.0558386,,40216,,,,,,,,,,,58,10,1.7907799,target,40216,,,,,,,,,,,,,,,,,,,,
57,5,1.2889308,target,40216,,,,,,,,,,,59,10,1.6780956,target,40216,,,,,,,,,,,,,,,,,,,,
58,10,1.7907799,target,40216,,,,,,,,,,,61,5,1.222066,target,40216,,,,,,,,,,,,,,,,,,,,
59,10,1.6780956,target,40216,,,,,,,,,,,62,5,1.0723106,target,40216,,,,,,,,,,,,,,,,,,,,
60,10,1.2425106,,40216,,,,,,,,,,,63,10,1.3436282,target,40216,,,,,,,,,,,,,,,,,,,,
61,5,1.222066,target,40216,,,,,,,,,,,64,5,1.1350727,target,40216,,,,,,,,,,,,,,,,,,,,
62,5,1.0723106,target,40216,,,,,,,,,,,65,10,1.0443218,target,40216,,,,,,,,,,,,,,,,,,,,
63,10,1.3436282,target,40216,,,,,,,,,,,66,10,1.2606541,target,40216,,,,,,,,,,,,,,,,,,,,
64,5,1.1350727,target,40216,,,,,,,,,,,68,5,0.9716381,target,40216,,,,,,,,,,,,,,,,,,,,
65,10,1.0443218,target,40216,,,,,,,,,,,69,10,1.2250307,target,40216,,,,,,,,,,,,,,,,,,,,
66,10,1.2606541,target,40216,,,,,,,,,,,71,5,1.1891235,target,40216,,,,,,,,,,,,,,,,,,,,
67,10,1.7792373,,40216,,,,,,,,,,,72,5,1.2893193,target,40216,,,,,,,,,,,,,,,,,,,,
68,5,0.9716381,target,40216,,,,,,,,,,,73,5,1.255599,target,40216,,,,,,,,,,,,,,,,,,,,
69,10,1.2250307,target,40216,,,,,,,,,,,75,5,1.087392,target,40216,,,,,,,,,,,,,,,,,,,,
70,10,1.4285311,,40216,,,,,,,,,,,77,10,1.8099792,target,40216,,,,,,,,,,,,,,,,,,,,
71,5,1.1891235,target,40216,,,,,,,,,,,78,5,1.4875435,target,40216,,,,,,,,,,,,,,,,,,,,
72,5,1.2893193,target,40216,,,,,,,,,,,79,10,1.3969452,target,40216,,,,,,,,,,,,,,,,,,,,
73,5,1.255599,target,40216,,,,,,,,,,,80,5,1.0886447,target,40216,,,,,,,,,,,,,,,,,,,,
74,5,1.2844066,,40216,,,,,,,,,,,81,5,1.1206764,target,40216,,,,,,,,,,,,,,,,,,,,
75,5,1.087392,target,40216,,,,,,,,,,,83,10,2.2444872,target,40216,,,,,,,,,,,,,,,,,,,,
76,5,1.1073078,,40216,,,,,,,,,,,85,5,1.0342498,target,40216,,,,,,,,,,,,,,,,,,,,
77,10,1.8099792,target,40216,,,,,,,,,,,87,10,3.1935521,target,40216,,,,,,,,,,,,,,,,,,,,
78,5,1.4875435,target,40216,,,,,,,,,,,90,10,1.3104783,target,40216,,,,,,,,,,,,,,,,,,,,
79,10,1.3969452,target,40216,,,,,,,,,,,91,5,1.7731801,target,40216,,,,,,,,,,,,,,,,,,,,
80,5,1.0886447,target,40216,,,,,,,,,,,92,5,1.407221,target,40216,,,,,,,,,,,,,,,,,,,,
81,5,1.1206764,target,40216,,,,,,,,,,,93,10,1.0578704,target,40216,,,,,,,,,,,,,,,,,,,,
82,10,1.2444594,,40216,,,,,,,,,,,95,5,2.0689422,target,40216,,,,,,,,,,,,,,,,,,,,
83,10,2.2444872,target,40216,,,,,,,,,,,96,10,1.0116915,target,40216,,,,,,,,,,,,,,,,,,,,
84,5,1.0902332,,40216,,,,,,,,,,,97,10,2.7274459,target,40216,,,,,,,,,,,,,,,,,,,,
85,5,1.0342498,target,40216,,,,,,,,,,,98,10,0.9919074,target,40216,,,,,,,,,,,,,,,,,,,,
86,10,1.2261007,,40216,,,,,,,,,,,99,5,1.5899332,target,40216,,,,,,,,,,,,,,,,,,,,
87,10,3.1935521,target,40216,,,,,,,,,,,100,5,1.1906232,target,40216,,,,,,,,,,,,,,,,,,,,
88,10,1.178257,,40216,,,,,,,,,,,101,5,1.2532014,target,40216,,,,,,,,,,,,,,,,,,,,
89,10,1.3441973,,40216,,,,,,,,,,,102,5,1.1222932,target,40216,,,,,,,,,,,,,,,,,,,,
90,10,1.3104783,target,40216,,,,,,,,,,,103,10,0.9285822,target,40216,,,,,,,,,,,,,,,,,,,,
91,5,1.7731801,target,40216,,,,,,,,,,,104,5,0.955926,target,40216,,,,,,,,,,,,,,,,,,,,
92,5,1.407221,target,40216,,,,,,,,,,,106,5,1.7165591,target,40216,,,,,,,,,,,,,,,,,,,,
93,10,1.0578704,target,40216,,,,,,,,,,,107,5,1.0027153,target,40216,,,,,,,,,,,,,,,,,,,,
94,5,0.9027661,,40216,,,,,,,,,,,108,5,0.9036355,target,40216,,,,,,,,,,,,,,,,,,,,
95,5,2.0689422,target,40216,,,,,,,,,,,109,10,1.3287564,target,40216,,,,,,,,,,,,,,,,,,,,
96,10,1.0116915,target,40216,,,,,,,,,,,112,5,1.0390353,target,40216,,,,,,,,,,,,,,,,,,,,
97,10,2.7274459,target,40216,,,,,,,,,,,113,5,1.1009677,target,40216,,,,,,,,,,,,,,,,,,,,
98,10,0.9919074,target,40216,,,,,,,,,,,114,10,1.0179719,target,40216,,,,,,,,,,,,,,,,,,,,
99,5,1.5899332,target,40216,,,,,,,,,,,115,5,0.9715446,target,40216,,,,,,,,,,,,,,,,,,,,
100,5,1.1906232,target,40216,,,,,,,,,,,116,10,1.8955543,target,40216,,,,,,,,,,,,,,,,,,,,
101,5,1.2532014,target,40216,,,,,,,,,,,117,10,1.1098945,target,40216,,,,,,,,,,,,,,,,,,,,
102,5,1.1222932,target,40216,,,,,,,,,,,118,5,0.9898609,target,40216,,,,,,,,,,,,,,,,,,,,
103,10,0.9285822,target,40216,,,,,,,,,,,119,10,2.6084102,target,40216,,,,,,,,,,,,,,,,,,,,
104,5,0.955926,target,40216,,,,,,,,,,,120,10,1.2926964,target,40216,,,,,,,,,,,,,,,,,,,,
105,10,1.0281084,,40216,,,,,,,,,,,123,5,1.0995864,target,40216,,,,,,,,,,,,,,,,,,,,
106,5,1.7165591,target,40216,,,,,,,,,,,124,5,1.1544195,target,40216,,,,,,,,,,,,,,,,,,,,
107,5,1.0027153,target,40216,,,,,,,,,,,125,5,2.2564162,target,40216,,,,,,,,,,,,,,,,,,,,
108,5,0.9036355,target,40216,,,,,,,,,,,127,10,3.2148254,target,40216,,,,,,,,,,,,,,,,,,,,
109,10,1.3287564,target,40216,,,,,,,,,,,128,5,1.18939,target,40216,,,,,,,,,,,,,,,,,,,,
110,5,1.1052663,,40216,,,,,,,,,,,129,5,1.0015617,target,40216,,,,,,,,,,,,,,,,,,,,
111,5,1.4542943,,40216,,,,,,,,,,,131,10,1.3399249,target,40216,,,,,,,,,,,,,,,,,,,,
112,5,1.0390353,target,40216,,,,,,,,,,,132,5,1.4041283,target,40216,,,,,,,,,,,,,,,,,,,,
113,5,1.1009677,target,40216,,,,,,,,,,,133,5,1.1212327,target,40216,,,,,,,,,,,,,,,,,,,,
114,10,1.0179719,target,40216,,,,,,,,,,,137,10,1.0584199,target,40216,,,,,,,,,,,,,,,,,,,,
115,5,0.9715446,target,40216,,,,,,,,,,,138,5,1.6577067,target,40216,,,,,,,,,,,,,,,,,,,,
116,10,1.8955543,target,40216,,,,,,,,,,,139,5,1.7217693,target,40216,,,,,,,,,,,,,,,,,,,,
117,10,1.1098945,target,40216,,,,,,,,,,,141,10,1.244138,target,40216,,,,,,,,,,,,,,,,,,,,
118,5,0.9898609,target,40216,,,,,,,,,,,143,5,1.016021,target,40216,,,,,,,,,,,,,,,,,,,,
119,10,2.6084102,target,40216,,,,,,,,,,,145,10,1.2777887,target,40216,,,,,,,,,,,,,,,,,,,,
120,10,1.2926964,target,40216,,,,,,,,,,,147,5,1.1348516,target,40216,,,,,,,,,,,,,,,,,,,,
121,5,1.320384,,40216,,,,,,,,,,,150,10,1.4906968,target,40216,,,,,,,,,,,,,,,,,,,,
122,5,1.3541325,,40216,,,,,,,,,,,151,10,0.9591498,target,40216,,,,,,,,,,,,,,,,,,,,
123,5,1.0995864,target,40216,,,,,,,,,,,152,5,1.4144309,target,40216,,,,,,,,,,,,,,,,,,,,
124,5,1.1544195,target,40216,,,,,,,,,,,153,10,2.0604432,target,40216,,,,,,,,,,,,,,,,,,,,
125,5,2.2564162,target,40216,,,,,,,,,,,154,10,1.1580744,target,40216,,,,,,,,,,,,,,,,,,,,
126,10,1.2231985,,40216,,,,,,,,,,,156,5,0.9680016,target,40216,,,,,,,,,,,,,,,,,,,,
127,10,3.2148254,target,40216,,,,,,,,,,,157,5,1.2042886,target,40216,,,,,,,,,,,,,,,,,,,,
128,5,1.18939,target,40216,,,,,,,,,,,158,10,1.228079,target,40216,,,,,,,,,,,,,,,,,,,,
129,5,1.0015617,target,40216,,,,,,,,,,,159,10,0.9924156,target,40216,,,,,,,,,,,,,,,,,,,,
130,5,1.0565787,,40216,,,,,,,,,,,160,5,1.0901615,target,40216,,,,,,,,,,,,,,,,,,,,
131,10,1.3399249,target,40216,,,,,,,,,,,162,10,1.4388119,target,40216,,,,,,,,,,,,,,,,,,,,
132,5,1.4041283,target,40216,,,,,,,,,,,163,5,1.0225848,target,40216,,,,,,,,,,,,,,,,,,,,
133,5,1.1212327,target,40216,,,,,,,,,,,164,10,1.012221,target,40216,,,,,,,,,,,,,,,,,,,,
134,5,1.0357014,,40216,,,,,,,,,,,165,5,1.1708714,target,40216,,,,,,,,,,,,,,,,,,,,
135,10,1.1103508,,40216,,,,,,,,,,,170,10,0.9252276,target,40216,,,,,,,,,,,,,,,,,,,,
136,5,1.1718801,,40216,,,,,,,,,,,171,10,1.1960657,target,40216,,,,,,,,,,,,,,,,,,,,
137,10,1.0584199,target,40216,,,,,,,,,,,172,5,1.0224828,target,40216,,,,,,,,,,,,,,,,,,,,
138,5,1.6577067,target,40216,,,,,,,,,,,173,10,0.8722511,target,40216,,,,,,,,,,,,,,,,,,,,
139,5,1.7217693,target,40216,,,,,,,,,,,174,10,1.0618245,target,40216,,,,,,,,,,,,,,,,,,,,
140,5,1.074161,,40216,,,,,,,,,,,176,10,1.2591317,target,40216,,,,,,,,,,,,,,,,,,,,
141,10,1.244138,target,40216,,,,,,,,,,,177,5,1.0225311,target,40216,,,,,,,,,,,,,,,,,,,,
142,10,1.5278994,,40216,,,,,,,,,,,178,5,0.9548746,target,40216,,,,,,,,,,,,,,,,,,,,
143,5,1.016021,target,40216,,,,,,,,,,,179,5,0.8716277,target,40216,,,,,,,,,,,,,,,,,,,,
144,10,0.9727527,,40216,,,,,,,,,,,180,5,1.0186736,target,40216,,,,,,,,,,,,,,,,,,,,
145,10,1.2777887,target,40216,,,,,,,,,,,181,10,1.1744939,target,40216,,,,,,,,,,,,,,,,,,,,
146,5,0.9688831,,40216,,,,,,,,,,,182,5,1.0048414,target,40216,,,,,,,,,,,,,,,,,,,,
147,5,1.1348516,target,40216,,,,,,,,,,,184,10,1.5116271,target,40216,,,,,,,,,,,,,,,,,,,,
148,5,1.1046732,,40216,,,,,,,,,,,185,10,2.2448285,target,40216,,,,,,,,,,,,,,,,,,,,
149,5,1.2730889,,40216,,,,,,,,,,,186,10,1.3616836,target,40216,,,,,,,,,,,,,,,,,,,,
150,10,1.4906968,target,40216,,,,,,,,,,,189,5,1.1721662,target,40216,,,,,,,,,,,,,,,,,,,,
151,10,0.9591498,target,40216,,,,,,,,,,,193,10,2.0632422,target,40216,,,,,,,,,,,,,,,,,,,,
152,5,1.4144309,target,40216,,,,,,,,,,,194,5,1.0536923,target,40216,,,,,,,,,,,,,,,,,,,,
153,10,2.0604432,target,40216,,,,,,,,,,,195,5,1.0723024,target,40216,,,,,,,,,,,,,,,,,,,,
154,10,1.1580744,target,40216,,,,,,,,,,,199,5,1.0538425,target,40216,,,,,,,,,,,,,,,,,,,,
155,5,1.1560327,,40216,,,,,,,,,,,1,10,1.5882835,target,299816,,,,,,,,,,,,,,,,,,,,
156,5,0.9680016,target,40216,,,,,,,,,,,2,5,1.607346,target,299816,,,,,,,,,,,,,,,,,,,,
157,5,1.2042886,target,40216,,,,,,,,,,,3,10,1.0854932,target,299816,,,,,,,,,,,,,,,,,,,,
158,10,1.228079,target,40216,,,,,,,,,,,4,5,1.0613948,target,299816,,,,,,,,,,,,,,,,,,,,
159,10,0.9924156,target,40216,,,,,,,,,,,5,10,1.8185055,target,299816,,,,,,,,,,,,,,,,,,,,
160,5,1.0901615,target,40216,,,,,,,,,,,6,5,1.3991873,target,299816,,,,,,,,,,,,,,,,,,,,
161,10,1.0077415,,40216,,,,,,,,,,,8,10,1.903774,target,299816,,,,,,,,,,,,,,,,,,,,
162,10,1.4388119,target,40216,,,,,,,,,,,9,10,1.6819705,target,299816,,,,,,,,,,,,,,,,,,,,
163,5,1.0225848,target,40216,,,,,,,,,,,10,5,1.3422517,target,299816,,,,,,,,,,,,,,,,,,,,
164,10,1.012221,target,40216,,,,,,,,,,,11,10,3.0750494,target,299816,,,,,,,,,,,,,,,,,,,,
165,5,1.1708714,target,40216,,,,,,,,,,,12,5,1.6295494,target,299816,,,,,,,,,,,,,,,,,,,,
166,5,0.8224254,,40216,,,,,,,,,,,13,10,1.5119967,target,299816,,,,,,,,,,,,,,,,,,,,
167,5,0.9354628,,40216,,,,,,,,,,,14,5,1.4494409,target,299816,,,,,,,,,,,,,,,,,,,,
168,5,1.0684413,,40216,,,,,,,,,,,15,5,1.6498047,target,299816,,,,,,,,,,,,,,,,,,,,
169,10,1.0755792,,40216,,,,,,,,,,,16,10,1.3627205,target,299816,,,,,,,,,,,,,,,,,,,,
170,10,0.9252276,target,40216,,,,,,,,,,,17,10,2.6260504,target,299816,,,,,,,,,,,,,,,,,,,,
171,10,1.1960657,target,40216,,,,,,,,,,,18,10,1.9028704,target,299816,,,,,,,,,,,,,,,,,,,,
172,5,1.0224828,target,40216,,,,,,,,,,,19,5,1.3769144,target,299816,,,,,,,,,,,,,,,,,,,,
173,10,0.8722511,target,40216,,,,,,,,,,,21,10,1.2331063,target,299816,,,,,,,,,,,,,,,,,,,,
174,10,1.0618245,target,40216,,,,,,,,,,,22,5,1.4068214,target,299816,,,,,,,,,,,,,,,,,,,,
175,5,1.057004,,40216,,,,,,,,,,,23,10,1.8598865,target,299816,,,,,,,,,,,,,,,,,,,,
176,10,1.2591317,target,40216,,,,,,,,,,,24,5,1.6247592,target,299816,,,,,,,,,,,,,,,,,,,,
177,5,1.0225311,target,40216,,,,,,,,,,,25,5,1.2537548,target,299816,,,,,,,,,,,,,,,,,,,,
178,5,0.9548746,target,40216,,,,,,,,,,,26,10,1.2608345,target,299816,,,,,,,,,,,,,,,,,,,,
179,5,0.8716277,target,40216,,,,,,,,,,,27,10,1.3145775,target,299816,,,,,,,,,,,,,,,,,,,,
180,5,1.0186736,target,40216,,,,,,,,,,,28,5,1.7633031,target,299816,,,,,,,,,,,,,,,,,,,,
181,10,1.1744939,target,40216,,,,,,,,,,,29,5,1.355611,target,299816,,,,,,,,,,,,,,,,,,,,
182,5,1.0048414,target,40216,,,,,,,,,,,30,5,1.6668462,target,299816,,,,,,,,,,,,,,,,,,,,
183,10,0.4092475,,40216,,,,,,,,,,,31,10,1.6582486,target,299816,,,,,,,,,,,,,,,,,,,,
184,10,1.5116271,target,40216,,,,,,,,,,,32,5,1.5032464,target,299816,,,,,,,,,,,,,,,,,,,,
185,10,2.2448285,target,40216,,,,,,,,,,,33,5,1.2498216,target,299816,,,,,,,,,,,,,,,,,,,,
186,10,1.3616836,target,40216,,,,,,,,,,,34,10,1.3824666,target,299816,,,,,,,,,,,,,,,,,,,,
187,5,1.2068611,,40216,,,,,,,,,,,35,10,2.9353618,target,299816,,,,,,,,,,,,,,,,,,,,
188,10,1.1775923,,40216,,,,,,,,,,,36,10,1.9201887,target,299816,,,,,,,,,,,,,,,,,,,,
189,5,1.1721662,target,40216,,,,,,,,,,,37,10,1.4462027,target,299816,,,,,,,,,,,,,,,,,,,,
190,5,1.2557216,,40216,,,,,,,,,,,38,5,2.2295365,target,299816,,,,,,,,,,,,,,,,,,,,
191,5,1.0386023,,40216,,,,,,,,,,,39,10,1.5277259,target,299816,,,,,,,,,,,,,,,,,,,,
192,5,1.4871389,,40216,,,,,,,,,,,40,10,2.3272599,target,299816,,,,,,,,,,,,,,,,,,,,
193,10,2.0632422,target,40216,,,,,,,,,,,41,5,2.6883519,target,299816,,,,,,,,,,,,,,,,,,,,
194,5,1.0536923,target,40216,,,,,,,,,,,42,5,1.6086594,target,299816,,,,,,,,,,,,,,,,,,,,
195,5,1.0723024,target,40216,,,,,,,,,,,43,10,1.1427795,target,299816,,,,,,,,,,,,,,,,,,,,
196,5,0.9730251,,40216,,,,,,,,,,,44,5,2.1444887,target,299816,,,,,,,,,,,,,,,,,,,,
197,10,1.4451698,,40216,,,,,,,,,,,45,5,1.6819983,target,299816,,,,,,,,,,,,,,,,,,,,
198,10,1.2304297,,40216,,,,,,,,,,,46,10,1.2212514,target,299816,,,,,,,,,,,,,,,,,,,,
199,5,1.0538425,target,40216,,,,,,,,,,,47,5,1.2012791,target,299816,,,,,,,,,,,,,,,,,,,,
0,5,2.0796156,,299816,,,,,,,,,,,48,5,1.4339911,target,299816,,,,,,,,,,,,,,,,,,,,
1,10,1.5882835,target,299816,,,,,,,,,,,49,10,2.4049558,target,299816,,,,,,,,,,,,,,,,,,,,
2,5,1.607346,target,299816,,,,,,,,,,,50,10,2.7425679,target,299816,,,,,,,,,,,,,,,,,,,,
3,10,1.0854932,target,299816,,,,,,,,,,,51,10,1.5318644,target,299816,,,,,,,,,,,,,,,,,,,,
4,5,1.0613948,target,299816,,,,,,,,,,,52,10,1.7760004,target,299816,,,,,,,,,,,,,,,,,,,,
5,10,1.8185055,target,299816,,,,,,,,,,,53,5,2.0576741,target,299816,,,,,,,,,,,,,,,,,,,,
6,5,1.3991873,target,299816,,,,,,,,,,,54,5,1.522962,target,299816,,,,,,,,,,,,,,,,,,,,
7,5,1.600089,,299816,,,,,,,,,,,55,5,2.2160745,target,299816,,,,,,,,,,,,,,,,,,,,
8,10,1.903774,target,299816,,,,,,,,,,,56,10,2.2608318,target,299816,,,,,,,,,,,,,,,,,,,,
9,10,1.6819705,target,299816,,,,,,,,,,,57,5,1.6621362,target,299816,,,,,,,,,,,,,,,,,,,,
10,5,1.3422517,target,299816,,,,,,,,,,,58,10,1.9738994,target,299816,,,,,,,,,,,,,,,,,,,,
11,10,3.0750494,target,299816,,,,,,,,,,,59,5,1.3763602,target,299816,,,,,,,,,,,,,,,,,,,,
12,5,1.6295494,target,299816,,,,,,,,,,,60,5,1.830303,target,299816,,,,,,,,,,,,,,,,,,,,
13,10,1.5119967,target,299816,,,,,,,,,,,61,5,1.6428007,target,299816,,,,,,,,,,,,,,,,,,,,
14,5,1.4494409,target,299816,,,,,,,,,,,62,10,2.1093301,target,299816,,,,,,,,,,,,,,,,,,,,
15,5,1.6498047,target,299816,,,,,,,,,,,63,5,1.2788042,target,299816,,,,,,,,,,,,,,,,,,,,
16,10,1.3627205,target,299816,,,,,,,,,,,64,10,1.1407497,target,299816,,,,,,,,,,,,,,,,,,,,
17,10,2.6260504,target,299816,,,,,,,,,,,65,10,1.2662249,target,299816,,,,,,,,,,,,,,,,,,,,
18,10,1.9028704,target,299816,,,,,,,,,,,66,5,1.5203264,target,299816,,,,,,,,,,,,,,,,,,,,
19,5,1.3769144,target,299816,,,,,,,,,,,67,5,1.6849512,target,299816,,,,,,,,,,,,,,,,,,,,
20,10,1.6784304,,299816,,,,,,,,,,,68,10,2.16548,target,299816,,,,,,,,,,,,,,,,,,,,
21,10,1.2331063,target,299816,,,,,,,,,,,69,10,1.8356805,target,299816,,,,,,,,,,,,,,,,,,,,
22,5,1.4068214,target,299816,,,,,,,,,,,70,5,1.677226,target,299816,,,,,,,,,,,,,,,,,,,,
23,10,1.8598865,target,299816,,,,,,,,,,,71,5,1.2152943,target,299816,,,,,,,,,,,,,,,,,,,,
24,5,1.6247592,target,299816,,,,,,,,,,,72,5,1.535332,target,299816,,,,,,,,,,,,,,,,,,,,
25,5,1.2537548,target,299816,,,,,,,,,,,73,10,1.8667853,target,299816,,,,,,,,,,,,,,,,,,,,
26,10,1.2608345,target,299816,,,,,,,,,,,74,10,2.1141757,target,299816,,,,,,,,,,,,,,,,,,,,
27,10,1.3145775,target,299816,,,,,,,,,,,75,5,1.6495427,target,299816,,,,,,,,,,,,,,,,,,,,
28,5,1.7633031,target,299816,,,,,,,,,,,76,10,2.0164517,target,299816,,,,,,,,,,,,,,,,,,,,
29,5,1.355611,target,299816,,,,,,,,,,,77,5,1.5993882,target,299816,,,,,,,,,,,,,,,,,,,,
30,5,1.6668462,target,299816,,,,,,,,,,,78,10,1.2347386,target,299816,,,,,,,,,,,,,,,,,,,,
31,10,1.6582486,target,299816,,,,,,,,,,,79,10,1.4262606,target,299816,,,,,,,,,,,,,,,,,,,,
32,5,1.5032464,target,299816,,,,,,,,,,,81,10,1.480486,target,299816,,,,,,,,,,,,,,,,,,,,
33,5,1.2498216,target,299816,,,,,,,,,,,82,5,2.765521,target,299816,,,,,,,,,,,,,,,,,,,,
34,10,1.3824666,target,299816,,,,,,,,,,,83,5,1.603573,target,299816,,,,,,,,,,,,,,,,,,,,
35,10,2.9353618,target,299816,,,,,,,,,,,84,5,2.2316388,target,299816,,,,,,,,,,,,,,,,,,,,
36,10,1.9201887,target,299816,,,,,,,,,,,86,5,1.2421101,target,299816,,,,,,,,,,,,,,,,,,,,
37,10,1.4462027,target,299816,,,,,,,,,,,87,5,1.7437255,target,299816,,,,,,,,,,,,,,,,,,,,
38,5,2.2295365,target,299816,,,,,,,,,,,88,10,2.7141013,target,299816,,,,,,,,,,,,,,,,,,,,
39,10,1.5277259,target,299816,,,,,,,,,,,89,10,2.0774908,target,299816,,,,,,,,,,,,,,,,,,,,
40,10,2.3272599,target,299816,,,,,,,,,,,90,5,1.5017644,target,299816,,,,,,,,,,,,,,,,,,,,
41,5,2.6883519,target,299816,,,,,,,,,,,91,10,1.6441185,target,299816,,,,,,,,,,,,,,,,,,,,
42,5,1.6086594,target,299816,,,,,,,,,,,93,5,1.495141,target,299816,,,,,,,,,,,,,,,,,,,,
43,10,1.1427795,target,299816,,,,,,,,,,,94,5,1.1052088,target,299816,,,,,,,,,,,,,,,,,,,,
44,5,2.1444887,target,299816,,,,,,,,,,,95,10,1.1734198,target,299816,,,,,,,,,,,,,,,,,,,,
45,5,1.6819983,target,299816,,,,,,,,,,,96,10,1.831387,target,299816,,,,,,,,,,,,,,,,,,,,
46,10,1.2212514,target,299816,,,,,,,,,,,97,5,1.295443,target,299816,,,,,,,,,,,,,,,,,,,,
47,5,1.2012791,target,299816,,,,,,,,,,,98,5,1.4189747,target,299816,,,,,,,,,,,,,,,,,,,,
48,5,1.4339911,target,299816,,,,,,,,,,,99,10,1.296323,target,299816,,,,,,,,,,,,,,,,,,,,
49,10,2.4049558,target,299816,,,,,,,,,,,101,10,2.3625858,target,299816,,,,,,,,,,,,,,,,,,,,
50,10,2.7425679,target,299816,,,,,,,,,,,102,5,1.4690788,target,299816,,,,,,,,,,,,,,,,,,,,
51,10,1.5318644,target,299816,,,,,,,,,,,103,10,1.3661297,target,299816,,,,,,,,,,,,,,,,,,,,
52,10,1.7760004,target,299816,,,,,,,,,,,104,5,1.5025657,target,299816,,,,,,,,,,,,,,,,,,,,
53,5,2.0576741,target,299816,,,,,,,,,,,105,5,1.5049508,target,299816,,,,,,,,,,,,,,,,,,,,
54,5,1.522962,target,299816,,,,,,,,,,,106,10,1.7345287,target,299816,,,,,,,,,,,,,,,,,,,,
55,5,2.2160745,target,299816,,,,,,,,,,,107,10,1.5280624,target,299816,,,,,,,,,,,,,,,,,,,,
56,10,2.2608318,target,299816,,,,,,,,,,,108,5,1.4612078,target,299816,,,,,,,,,,,,,,,,,,,,
57,5,1.6621362,target,299816,,,,,,,,,,,109,5,1.3055197,target,299816,,,,,,,,,,,,,,,,,,,,
58,10,1.9738994,target,299816,,,,,,,,,,,111,5,1.4511376,target,299816,,,,,,,,,,,,,,,,,,,,
59,5,1.3763602,target,299816,,,,,,,,,,,112,5,1.1366694,target,299816,,,,,,,,,,,,,,,,,,,,
60,5,1.830303,target,299816,,,,,,,,,,,113,5,1.2994966,target,299816,,,,,,,,,,,,,,,,,,,,
61,5,1.6428007,target,299816,,,,,,,,,,,114,5,1.0496775,target,299816,,,,,,,,,,,,,,,,,,,,
62,10,2.1093301,target,299816,,,,,,,,,,,115,10,1.1792499,target,299816,,,,,,,,,,,,,,,,,,,,
63,5,1.2788042,target,299816,,,,,,,,,,,116,10,1.232369,target,299816,,,,,,,,,,,,,,,,,,,,
64,10,1.1407497,target,299816,,,,,,,,,,,118,5,1.9619313,target,299816,,,,,,,,,,,,,,,,,,,,
65,10,1.2662249,target,299816,,,,,,,,,,,119,10,1.3143001,target,299816,,,,,,,,,,,,,,,,,,,,
66,5,1.5203264,target,299816,,,,,,,,,,,120,10,2.9984543,target,299816,,,,,,,,,,,,,,,,,,,,
67,5,1.6849512,target,299816,,,,,,,,,,,121,5,2.561689,target,299816,,,,,,,,,,,,,,,,,,,,
68,10,2.16548,target,299816,,,,,,,,,,,122,10,2.0617352,target,299816,,,,,,,,,,,,,,,,,,,,
69,10,1.8356805,target,299816,,,,,,,,,,,123,10,1.4746819,target,299816,,,,,,,,,,,,,,,,,,,,
70,5,1.677226,target,299816,,,,,,,,,,,124,5,1.7037866,target,299816,,,,,,,,,,,,,,,,,,,,
71,5,1.2152943,target,299816,,,,,,,,,,,125,10,1.2886679,target,299816,,,,,,,,,,,,,,,,,,,,
72,5,1.535332,target,299816,,,,,,,,,,,126,10,1.6772656,target,299816,,,,,,,,,,,,,,,,,,,,
73,10,1.8667853,target,299816,,,,,,,,,,,127,5,1.3838757,target,299816,,,,,,,,,,,,,,,,,,,,
74,10,2.1141757,target,299816,,,,,,,,,,,129,10,2.4235146,target,299816,,,,,,,,,,,,,,,,,,,,
75,5,1.6495427,target,299816,,,,,,,,,,,130,5,1.104843,target,299816,,,,,,,,,,,,,,,,,,,,
76,10,2.0164517,target,299816,,,,,,,,,,,131,5,1.482483,target,299816,,,,,,,,,,,,,,,,,,,,
77,5,1.5993882,target,299816,,,,,,,,,,,132,5,1.2706497,target,299816,,,,,,,,,,,,,,,,,,,,
78,10,1.2347386,target,299816,,,,,,,,,,,133,5,1.4982768,target,299816,,,,,,,,,,,,,,,,,,,,
79,10,1.4262606,target,299816,,,,,,,,,,,134,5,1.4083472,target,299816,,,,,,,,,,,,,,,,,,,,
80,10,1.554568,,299816,,,,,,,,,,,135,10,1.7438664,target,299816,,,,,,,,,,,,,,,,,,,,
81,10,1.480486,target,299816,,,,,,,,,,,136,10,2.0641175,target,299816,,,,,,,,,,,,,,,,,,,,
82,5,2.765521,target,299816,,,,,,,,,,,137,5,1.5341668,target,299816,,,,,,,,,,,,,,,,,,,,
83,5,1.603573,target,299816,,,,,,,,,,,138,10,1.3770062,target,299816,,,,,,,,,,,,,,,,,,,,
84,5,2.2316388,target,299816,,,,,,,,,,,139,10,1.2399117,target,299816,,,,,,,,,,,,,,,,,,,,
85,5,1.4217608,,299816,,,,,,,,,,,140,10,2.1297961,target,299816,,,,,,,,,,,,,,,,,,,,
86,5,1.2421101,target,299816,,,,,,,,,,,141,5,1.0844432,target,299816,,,,,,,,,,,,,,,,,,,,
87,5,1.7437255,target,299816,,,,,,,,,,,142,10,2.532171,target,299816,,,,,,,,,,,,,,,,,,,,
88,10,2.7141013,target,299816,,,,,,,,,,,143,5,1.3914223,target,299816,,,,,,,,,,,,,,,,,,,,
89,10,2.0774908,target,299816,,,,,,,,,,,144,10,3.6065364,target,299816,,,,,,,,,,,,,,,,,,,,
90,5,1.5017644,target,299816,,,,,,,,,,,145,10,1.4102901,target,299816,,,,,,,,,,,,,,,,,,,,
91,10,1.6441185,target,299816,,,,,,,,,,,146,10,1.6241361,target,299816,,,,,,,,,,,,,,,,,,,,
92,5,1.5589187,,299816,,,,,,,,,,,147,10,1.8355503,target,299816,,,,,,,,,,,,,,,,,,,,
93,5,1.495141,target,299816,,,,,,,,,,,148,10,1.8224551,target,299816,,,,,,,,,,,,,,,,,,,,
94,5,1.1052088,target,299816,,,,,,,,,,,149,10,1.1689344,target,299816,,,,,,,,,,,,,,,,,,,,
95,10,1.1734198,target,299816,,,,,,,,,,,150,5,1.8986784,target,299816,,,,,,,,,,,,,,,,,,,,
96,10,1.831387,target,299816,,,,,,,,,,,151,5,1.1533765,target,299816,,,,,,,,,,,,,,,,,,,,
97,5,1.295443,target,299816,,,,,,,,,,,152,10,2.0823996,target,299816,,,,,,,,,,,,,,,,,,,,
98,5,1.4189747,target,299816,,,,,,,,,,,153,5,1.3749878,target,299816,,,,,,,,,,,,,,,,,,,,
99,10,1.296323,target,299816,,,,,,,,,,,154,5,1.1510259,target,299816,,,,,,,,,,,,,,,,,,,,
100,10,1.5981157,,299816,,,,,,,,,,,155,5,1.7420722,target,299816,,,,,,,,,,,,,,,,,,,,
101,10,2.3625858,target,299816,,,,,,,,,,,156,10,1.6592448,target,299816,,,,,,,,,,,,,,,,,,,,
102,5,1.4690788,target,299816,,,,,,,,,,,157,10,1.6953756,target,299816,,,,,,,,,,,,,,,,,,,,
103,10,1.3661297,target,299816,,,,,,,,,,,158,10,4.0167948,target,299816,,,,,,,,,,,,,,,,,,,,
104,5,1.5025657,target,299816,,,,,,,,,,,159,10,1.2055666,target,299816,,,,,,,,,,,,,,,,,,,,
105,5,1.5049508,target,299816,,,,,,,,,,,160,5,1.5865056,target,299816,,,,,,,,,,,,,,,,,,,,
106,10,1.7345287,target,299816,,,,,,,,,,,161,10,1.1907401,target,299816,,,,,,,,,,,,,,,,,,,,
107,10,1.5280624,target,299816,,,,,,,,,,,162,10,2.1439531,target,299816,,,,,,,,,,,,,,,,,,,,
108,5,1.4612078,target,299816,,,,,,,,,,,163,5,1.3418692,target,299816,,,,,,,,,,,,,,,,,,,,
109,5,1.3055197,target,299816,,,,,,,,,,,164,10,1.7383114,target,299816,,,,,,,,,,,,,,,,,,,,
110,10,2.1636547,,299816,,,,,,,,,,,165,5,1.4021473,target,299816,,,,,,,,,,,,,,,,,,,,
111,5,1.4511376,target,299816,,,,,,,,,,,166,5,1.820118,target,299816,,,,,,,,,,,,,,,,,,,,
112,5,1.1366694,target,299816,,,,,,,,,,,167,5,1.2196109,target,299816,,,,,,,,,,,,,,,,,,,,
113,5,1.2994966,target,299816,,,,,,,,,,,168,5,1.3878837,target,299816,,,,,,,,,,,,,,,,,,,,
114,5,1.0496775,target,299816,,,,,,,,,,,169,5,2.0977762,target,299816,,,,,,,,,,,,,,,,,,,,
115,10,1.1792499,target,299816,,,,,,,,,,,170,5,1.1215072,target,299816,,,,,,,,,,,,,,,,,,,,
116,10,1.232369,target,299816,,,,,,,,,,,171,5,1.053769,target,299816,,,,,,,,,,,,,,,,,,,,
117,10,2.7973834,,299816,,,,,,,,,,,172,5,1.0792015,target,299816,,,,,,,,,,,,,,,,,,,,
118,5,1.9619313,target,299816,,,,,,,,,,,173,5,1.2161104,target,299816,,,,,,,,,,,,,,,,,,,,
119,10,1.3143001,target,299816,,,,,,,,,,,174,10,1.039769,target,299816,,,,,,,,,,,,,,,,,,,,
120,10,2.9984543,target,299816,,,,,,,,,,,176,10,1.4269496,target,299816,,,,,,,,,,,,,,,,,,,,
121,5,2.561689,target,299816,,,,,,,,,,,178,5,1.0401089,target,299816,,,,,,,,,,,,,,,,,,,,
122,10,2.0617352,target,299816,,,,,,,,,,,179,10,1.9676019,target,299816,,,,,,,,,,,,,,,,,,,,
123,10,1.4746819,target,299816,,,,,,,,,,,180,10,1.064,target,299816,,,,,,,,,,,,,,,,,,,,
124,5,1.7037866,target,299816,,,,,,,,,,,181,5,1.5525615,target,299816,,,,,,,,,,,,,,,,,,,,
125,10,1.2886679,target,299816,,,,,,,,,,,184,10,1.1541798,target,299816,,,,,,,,,,,,,,,,,,,,
126,10,1.6772656,target,299816,,,,,,,,,,,185,10,1.788755,target,299816,,,,,,,,,,,,,,,,,,,,
127,5,1.3838757,target,299816,,,,,,,,,,,187,5,1.1325165,target,299816,,,,,,,,,,,,,,,,,,,,
128,10,1.4074062,,299816,,,,,,,,,,,188,5,1.5993767,target,299816,,,,,,,,,,,,,,,,,,,,
129,10,2.4235146,target,299816,,,,,,,,,,,190,5,1.5066211,target,299816,,,,,,,,,,,,,,,,,,,,
130,5,1.104843,target,299816,,,,,,,,,,,191,10,1.2014488,target,299816,,,,,,,,,,,,,,,,,,,,
131,5,1.482483,target,299816,,,,,,,,,,,192,5,1.1624493,target,299816,,,,,,,,,,,,,,,,,,,,
132,5,1.2706497,target,299816,,,,,,,,,,,193,10,1.6439381,target,299816,,,,,,,,,,,,,,,,,,,,
133,5,1.4982768,target,299816,,,,,,,,,,,194,10,1.6814443,target,299816,,,,,,,,,,,,,,,,,,,,
134,5,1.4083472,target,299816,,,,,,,,,,,195,5,1.6433847,target,299816,,,,,,,,,,,,,,,,,,,,
135,10,1.7438664,target,299816,,,,,,,,,,,196,5,1.0033462,target,299816,,,,,,,,,,,,,,,,,,,,
136,10,2.0641175,target,299816,,,,,,,,,,,197,10,4.3274908,target,299816,,,,,,,,,,,,,,,,,,,,
137,5,1.5341668,target,299816,,,,,,,,,,,198,5,2.3814031,target,299816,,,,,,,,,,,,,,,,,,,,
138,10,1.3770062,target,299816,,,,,,,,,,,199,10,1.5624423,target,299816,,,,,,,,,,,,,,,,,,,,
139,10,1.2399117,target,299816,,,,,,,,,,,,,,,,,,,,,,,,,,,,,,,,,,,
140,10,2.1297961,target,299816,,,,,,,,,,,,,,,,,,,,,,,,,,,,,,,,,,,
141,5,1.0844432,target,299816,,,,,,,,,,,,,,,,,,,,,,,,,,,,,,,,,,,
142,10,2.532171,target,299816,,,,,,,,,,,,,,,,,,,,,,,,,,,,,,,,,,,
143,5,1.3914223,target,299816,,,,,,,,,,,,,,,,,,,,,,,,,,,,,,,,,,,
144,10,3.6065364,target,299816,,,,,,,,,,,,,,,,,,,,,,,,,,,,,,,,,,,
145,10,1.4102901,target,299816,,,,,,,,,,,,,,,,,,,,,,,,,,,,,,,,,,,
146,10,1.6241361,target,299816,,,,,,,,,,,,,,,,,,,,,,,,,,,,,,,,,,,
147,10,1.8355503,target,299816,,,,,,,,,,,,,,,,,,,,,,,,,,,,,,,,,,,
148,10,1.8224551,target,299816,,,,,,,,,,,,,,,,,,,,,,,,,,,,,,,,,,,
149,10,1.1689344,target,299816,,,,,,,,,,,,,,,,,,,,,,,,,,,,,,,,,,,
150,5,1.8986784,target,299816,,,,,,,,,,,,,,,,,,,,,,,,,,,,,,,,,,,
151,5,1.1533765,target,299816,,,,,,,,,,,,,,,,,,,,,,,,,,,,,,,,,,,
152,10,2.0823996,target,299816,,,,,,,,,,,,,,,,,,,,,,,,,,,,,,,,,,,
153,5,1.3749878,target,299816,,,,,,,,,,,,,,,,,,,,,,,,,,,,,,,,,,,
154,5,1.1510259,target,299816,,,,,,,,,,,,,,,,,,,,,,,,,,,,,,,,,,,
155,5,1.7420722,target,299816,,,,,,,,,,,,,,,,,,,,,,,,,,,,,,,,,,,
156,10,1.6592448,target,299816,,,,,,,,,,,,,,,,,,,,,,,,,,,,,,,,,,,
157,10,1.6953756,target,299816,,,,,,,,,,,,,,,,,,,,,,,,,,,,,,,,,,,
158,10,4.0167948,target,299816,,,,,,,,,,,,,,,,,,,,,,,,,,,,,,,,,,,
159,10,1.2055666,target,299816,,,,,,,,,,,,,,,,,,,,,,,,,,,,,,,,,,,
160,5,1.5865056,target,299816,,,,,,,,,,,,,,,,,,,,,,,,,,,,,,,,,,,
161,10,1.1907401,target,299816,,,,,,,,,,,,,,,,,,,,,,,,,,,,,,,,,,,
162,10,2.1439531,target,299816,,,,,,,,,,,,,,,,,,,,,,,,,,,,,,,,,,,
163,5,1.3418692,target,299816,,,,,,,,,,,,,,,,,,,,,,,,,,,,,,,,,,,
164,10,1.7383114,target,299816,,,,,,,,,,,,,,,,,,,,,,,,,,,,,,,,,,,
165,5,1.4021473,target,299816,,,,,,,,,,,,,,,,,,,,,,,,,,,,,,,,,,,
166,5,1.820118,target,299816,,,,,,,,,,,,,,,,,,,,,,,,,,,,,,,,,,,
167,5,1.2196109,target,299816,,,,,,,,,,,,,,,,,,,,,,,,,,,,,,,,,,,
168,5,1.3878837,target,299816,,,,,,,,,,,,,,,,,,,,,,,,,,,,,,,,,,,
169,5,2.0977762,target,299816,,,,,,,,,,,,,,,,,,,,,,,,,,,,,,,,,,,
170,5,1.1215072,target,299816,,,,,,,,,,,,,,,,,,,,,,,,,,,,,,,,,,,
171,5,1.053769,target,299816,,,,,,,,,,,,,,,,,,,,,,,,,,,,,,,,,,,
172,5,1.0792015,target,299816,,,,,,,,,,,,,,,,,,,,,,,,,,,,,,,,,,,
173,5,1.2161104,target,299816,,,,,,,,,,,,,,,,,,,,,,,,,,,,,,,,,,,
174,10,1.039769,target,299816,,,,,,,,,,,,,,,,,,,,,,,,,,,,,,,,,,,
175,5,1.4694032,,299816,,,,,,,,,,,,,,,,,,,,,,,,,,,,,,,,,,,
176,10,1.4269496,target,299816,,,,,,,,,,,,,,,,,,,,,,,,,,,,,,,,,,,
177,5,1.1159304,,299816,,,,,,,,,,,,,,,,,,,,,,,,,,,,,,,,,,,
178,5,1.0401089,target,299816,,,,,,,,,,,,,,,,,,,,,,,,,,,,,,,,,,,
179,10,1.9676019,target,299816,,,,,,,,,,,,,,,,,,,,,,,,,,,,,,,,,,,
180,10,1.064,target,299816,,,,,,,,,,,,,,,,,,,,,,,,,,,,,,,,,,,
181,5,1.5525615,target,299816,,,,,,,,,,,,,,,,,,,,,,,,,,,,,,,,,,,
182,5,1.256454,,299816,,,,,,,,,,,,,,,,,,,,,,,,,,,,,,,,,,,
183,5,1.046432,,299816,,,,,,,,,,,,,,,,,,,,,,,,,,,,,,,,,,,
184,10,1.1541798,target,299816,,,,,,,,,,,,,,,,,,,,,,,,,,,,,,,,,,,
185,10,1.788755,target,299816,,,,,,,,,,,,,,,,,,,,,,,,,,,,,,,,,,,
186,5,1.4466389,,299816,,,,,,,,,,,,,,,,,,,,,,,,,,,,,,,,,,,
187,5,1.1325165,target,299816,,,,,,,,,,,,,,,,,,,,,,,,,,,,,,,,,,,
188,5,1.5993767,target,299816,,,,,,,,,,,,,,,,,,,,,,,,,,,,,,,,,,,
189,5,1.2885975,,299816,,,,,,,,,,,,,,,,,,,,,,,,,,,,,,,,,,,
190,5,1.5066211,target,299816,,,,,,,,,,,,,,,,,,,,,,,,,,,,,,,,,,,
191,10,1.2014488,target,299816,,,,,,,,,,,,,,,,,,,,,,,,,,,,,,,,,,,
192,5,1.1624493,target,299816,,,,,,,,,,,,,,,,,,,,,,,,,,,,,,,,,,,
193,10,1.6439381,target,299816,,,,,,,,,,,,,,,,,,,,,,,,,,,,,,,,,,,
194,10,1.6814443,target,299816,,,,,,,,,,,,,,,,,,,,,,,,,,,,,,,,,,,
195,5,1.6433847,target,299816,,,,,,,,,,,,,,,,,,,,,,,,,,,,,,,,,,,
196,5,1.0033462,target,299816,,,,,,,,,,,,,,,,,,,,,,,,,,,,,,,,,,,
197,10,4.3274908,target,299816,,,,,,,,,,,,,,,,,,,,,,,,,,,,,,,,,,,
198,5,2.3814031,target,299816,,,,,,,,,,,,,,,,,,,,,,,,,,,,,,,,,,,
199,10,1.5624423,target,299816,,,,,,,,,,,,,,,,,,,,,,,,,,,,,,,,,,,
